timestamp,cpu_percent,ram_percent,gpu_avg_util_percent,gpu_avg_mem_percent,disk_read_MBps,disk_write_MBps,disk_total_MBps,net_sent_MBps,net_recv_MBps,net_total_MBps
2025-08-13 12:21:32,6.1,55.0,0.0,0.85,0.0,0.65,0.65,0.0,0.0,0.01
2025-08-13 12:21:33,6.3,55.0,0.0,0.85,0.0,14.43,14.43,0.0,0.0,0.0
2025-08-13 12:21:34,6.1,55.0,0.0,0.85,0.0,0.09,0.09,0.0,0.0,0.01
2025-08-13 12:21:35,7.7,55.0,0.0,0.85,0.06,1.7,1.77,0.0,0.0,0.01
2025-08-13 12:21:36,9.4,55.0,0.0,0.85,0.0,0.45,0.45,0.01,0.01,0.02
2025-08-13 12:21:37,9.1,55.0,0.0,0.85,0.0,0.25,0.25,0.01,0.04,0.05
2025-08-13 12:21:38,13.6,55.0,0.0,0.85,0.0,14.01,14.01,0.01,0.05,0.06
2025-08-13 12:21:39,13.6,55.0,0.0,0.85,0.0,0.35,0.35,0.6,5.01,5.61
2025-08-13 12:21:40,12.2,55.1,0.0,0.85,0.0,1.74,1.74,3.18,1.01,4.2
2025-08-13 12:21:41,16.0,55.1,0.0,0.85,0.0,0.52,0.52,0.08,0.6,0.68
2025-08-13 12:21:42,14.5,55.1,0.0,0.86,0.0,0.63,0.63,0.02,0.02,0.05
2025-08-13 12:21:43,16.6,55.2,0.0,0.86,0.0,0.17,0.17,0.06,0.1,0.16
2025-08-13 12:21:44,12.4,55.2,0.0,0.86,0.0,15.24,15.24,0.01,0.02,0.03
2025-08-13 12:21:45,12.4,55.2,0.0,0.86,0.0,1.39,1.39,0.05,0.07,0.12
2025-08-13 12:21:46,11.8,55.2,0.0,0.86,0.0,1.54,1.54,0.01,0.02,0.03
2025-08-13 12:21:47,14.9,55.3,0.0,0.86,0.0,0.81,0.81,0.02,0.02,0.04
2025-08-13 12:21:48,13.5,55.3,0.0,0.86,0.0,0.14,0.14,0.05,0.05,0.1
2025-08-13 12:21:49,10.6,55.2,0.0,0.86,0.0,15.19,15.19,0.01,0.01,0.02
2025-08-13 12:21:50,8.8,55.2,0.0,0.86,0.0,0.29,0.29,0.01,0.01,0.01
2025-08-13 12:21:51,9.7,55.2,0.0,0.86,0.0,2.69,2.69,0.01,0.0,0.01
2025-08-13 12:21:52,9.8,55.3,0.0,0.86,0.0,0.18,0.18,0.0,0.0,0.01
2025-08-13 12:21:53,8.8,55.2,0.0,0.86,0.0,0.77,0.77,0.0,0.0,0.01
2025-08-13 12:21:54,9.5,55.2,0.0,0.86,0.0,0.15,0.15,0.0,0.0,0.01
2025-08-13 12:21:55,8.9,55.2,0.0,0.86,0.0,12.7,12.7,0.0,0.0,0.01
2025-08-13 12:21:56,9.1,55.2,0.0,0.86,0.0,1.38,1.38,0.0,0.0,0.01
2025-08-13 12:21:57,9.1,55.3,0.0,0.86,0.0,1.13,1.13,0.01,0.0,0.01
2025-08-13 12:21:58,8.4,55.3,0.0,0.86,0.0,0.03,0.03,0.0,0.0,0.01
2025-08-13 12:21:59,8.9,55.3,0.0,0.86,0.0,0.8,0.8,0.0,0.0,0.01
2025-08-13 12:22:00,8.4,55.3,0.0,0.86,0.0,11.53,11.53,0.0,0.0,0.01
2025-08-13 12:22:01,8.7,55.3,0.0,0.86,0.0,1.44,1.44,0.0,0.0,0.01
2025-08-13 12:22:02,11.0,55.4,6.0,1.46,0.0,0.35,0.35,0.0,0.0,0.01
2025-08-13 12:22:03,9.9,55.4,12.0,77.91,0.0,0.89,0.89,0.01,0.0,0.01
2025-08-13 12:22:04,9.3,55.4,12.0,77.91,0.0,0.2,0.2,0.01,0.01,0.02
2025-08-13 12:22:05,9.0,55.4,11.0,77.91,0.0,14.33,14.33,0.0,0.01,0.01
2025-08-13 12:22:06,8.5,55.4,12.0,77.91,0.0,1.03,1.03,0.0,0.0,0.01
2025-08-13 12:22:07,9.3,55.4,12.0,77.91,0.0,0.49,0.49,0.0,0.0,0.01
2025-08-13 12:22:08,8.8,55.4,11.0,77.91,0.0,1.07,1.07,0.0,0.0,0.01
2025-08-13 12:22:09,9.0,55.4,11.0,77.91,0.0,0.21,0.21,0.0,0.0,0.01
2025-08-13 12:22:10,8.8,55.4,12.0,77.91,0.0,0.89,0.89,0.0,0.0,0.01
2025-08-13 12:22:11,8.4,55.4,11.0,77.91,0.0,12.92,12.92,0.0,0.0,0.01
2025-08-13 12:22:12,8.7,55.4,10.0,77.91,0.0,0.46,0.46,0.0,0.0,0.01
2025-08-13 12:22:13,9.1,55.4,8.0,77.91,0.0,0.79,0.79,0.0,0.0,0.01
2025-08-13 12:22:14,8.6,55.4,11.0,77.91,0.0,1.46,1.46,0.0,0.0,0.01
2025-08-13 12:22:15,8.6,55.4,5.0,77.91,0.0,0.1,0.1,0.0,0.0,0.01
2025-08-13 12:22:16,8.6,55.4,9.0,77.91,0.0,14.34,14.34,0.0,0.0,0.01
2025-08-13 12:22:17,9.2,55.4,12.0,77.91,0.0,0.23,0.23,0.0,0.0,0.01
2025-08-13 12:22:18,9.3,55.4,6.0,77.91,0.0,0.94,0.94,0.0,0.0,0.01
2025-08-13 12:22:19,8.4,55.4,11.0,77.91,0.0,0.13,0.13,0.0,0.0,0.01
2025-08-13 12:22:20,9.8,55.4,10.0,77.91,0.0,0.08,0.08,0.0,0.0,0.01
2025-08-13 12:22:21,10.4,55.4,12.0,77.91,0.0,12.39,12.39,0.0,0.0,0.01
2025-08-13 12:22:22,10.4,55.4,11.0,77.91,0.0,1.11,1.11,0.0,0.0,0.01
2025-08-13 12:22:23,10.7,55.4,12.0,77.91,0.0,0.68,0.68,0.0,0.0,0.01
2025-08-13 12:22:24,11.5,55.4,12.0,77.91,0.0,0.46,0.46,0.0,0.0,0.01
2025-08-13 12:22:25,9.3,55.4,19.0,77.91,0.0,0.04,0.04,0.0,0.0,0.01
2025-08-13 12:22:26,8.7,55.4,19.0,77.91,0.0,1.68,1.68,0.0,0.0,0.01
2025-08-13 12:22:27,8.5,55.4,19.0,77.91,0.0,14.99,14.99,0.0,0.0,0.01
2025-08-13 12:22:28,8.9,55.4,20.0,77.91,0.0,0.21,0.21,0.0,0.0,0.01
2025-08-13 12:22:29,8.9,55.4,15.0,77.91,0.0,0.32,0.32,0.0,0.0,0.01
2025-08-13 12:22:30,9.5,55.4,13.0,77.91,0.0,0.09,0.09,0.0,0.0,0.01
2025-08-13 12:22:31,8.8,55.4,0.0,77.87,0.0,1.89,1.89,0.0,0.0,0.01
2025-08-13 12:22:32,10.0,55.4,0.0,77.87,0.0,14.25,14.25,0.0,0.0,0.01
2025-08-13 12:22:33,9.1,55.4,0.0,77.87,0.0,0.4,0.4,0.0,0.0,0.01
2025-08-13 12:22:34,8.5,55.4,0.0,77.87,0.0,0.12,0.12,0.0,0.0,0.01
2025-08-13 12:22:35,9.4,55.4,0.0,77.87,0.0,0.99,0.99,0.0,0.0,0.01
2025-08-13 12:22:36,9.2,55.4,0.0,77.87,0.0,0.44,0.44,0.0,0.0,0.01
2025-08-13 12:22:37,9.3,55.4,0.0,77.87,0.0,13.93,13.93,0.0,0.0,0.01
2025-08-13 12:22:38,9.3,55.4,0.0,77.87,0.0,0.28,0.28,0.0,0.0,0.01
2025-08-13 12:22:39,9.3,55.4,0.0,77.87,0.0,0.2,0.2,0.01,0.01,0.01
2025-08-13 12:22:40,9.0,55.4,0.0,77.87,0.0,0.11,0.11,0.01,0.01,0.01
2025-08-13 12:22:41,9.1,55.4,0.0,77.87,0.0,1.34,1.34,0.01,0.0,0.01
2025-08-13 12:22:42,8.7,55.4,0.0,77.87,0.0,1.22,1.22,0.0,0.0,0.01
2025-08-13 12:22:43,8.9,55.4,0.0,77.87,0.0,17.23,17.23,0.0,0.0,0.01
2025-08-13 12:22:44,8.6,55.4,0.0,77.87,0.0,0.04,0.04,0.0,0.0,0.01
2025-08-13 12:22:45,9.1,55.4,0.0,77.87,0.0,2.16,2.16,0.01,0.01,0.01
2025-08-13 12:22:46,9.5,55.4,0.0,77.87,0.0,0.34,0.34,0.0,0.0,0.01
2025-08-13 12:22:47,9.2,55.4,0.0,77.87,0.0,0.93,0.93,0.01,0.0,0.01
2025-08-13 12:22:48,8.8,55.4,0.0,77.87,0.0,20.54,20.54,0.0,0.0,0.01
2025-08-13 12:22:49,8.7,55.4,0.0,77.87,0.0,0.11,0.11,0.0,0.0,0.01
2025-08-13 12:22:50,8.9,55.4,0.0,77.87,0.0,0.72,0.72,0.0,0.0,0.01
2025-08-13 12:22:51,9.5,55.4,0.0,77.87,0.0,0.14,0.14,0.0,0.0,0.01
2025-08-13 12:22:52,9.9,55.4,0.0,77.87,0.0,1.22,1.22,0.0,0.0,0.01
2025-08-13 12:22:53,9.2,55.4,0.0,77.88,0.0,0.97,0.97,0.0,0.0,0.01
2025-08-13 12:22:54,9.7,55.4,0.0,77.88,0.0,13.5,13.5,0.0,0.0,0.01
2025-08-13 12:22:55,9.0,55.4,0.0,77.88,0.0,0.05,0.05,0.0,0.0,0.01
2025-08-13 12:22:56,8.6,55.4,0.0,77.88,0.0,0.09,0.09,0.0,0.0,0.01
2025-08-13 12:22:57,8.5,55.4,0.0,77.88,0.0,1.02,1.02,0.0,0.0,0.01
2025-08-13 12:22:58,9.3,55.4,0.0,77.88,0.0,0.28,0.28,0.0,0.0,0.0
2025-08-13 12:22:59,9.1,55.4,0.0,77.88,0.0,12.22,12.22,0.0,0.0,0.01
2025-08-13 12:23:00,9.0,55.4,0.0,77.88,0.0,0.05,0.05,0.0,0.0,0.01
2025-08-13 12:23:01,8.5,55.5,1.0,78.6,0.0,0.06,0.06,0.0,0.0,0.01
2025-08-13 12:23:02,9.5,55.5,97.0,80.56,0.0,1.88,1.88,0.0,0.0,0.01
2025-08-13 12:23:03,10.0,55.5,97.0,80.56,0.0,0.2,0.2,0.0,0.0,0.01
2025-08-13 12:23:04,9.3,55.5,97.0,80.56,0.0,15.3,15.3,0.0,0.0,0.01
2025-08-13 12:23:05,10.7,55.5,97.0,80.56,0.0,0.14,0.14,0.0,0.0,0.01
2025-08-13 12:23:06,10.0,55.5,97.0,80.56,0.0,0.11,0.11,0.0,0.0,0.01
2025-08-13 12:23:07,10.4,55.5,97.0,80.56,0.0,2.31,2.31,0.0,0.0,0.01
2025-08-13 12:23:08,10.4,55.5,97.0,80.56,0.0,0.16,0.16,0.0,0.0,0.01
2025-08-13 12:23:09,9.9,55.5,97.0,80.56,0.0,14.87,14.87,0.0,0.0,0.01
2025-08-13 12:23:10,8.6,55.5,97.0,86.36,0.0,1.1,1.1,0.0,0.0,0.01
2025-08-13 12:23:11,8.4,55.5,0.0,77.9,0.0,0.15,0.15,0.0,0.0,0.01
2025-08-13 12:23:12,8.5,55.5,81.0,84.29,0.0,1.05,1.05,0.0,0.0,0.01
2025-08-13 12:23:13,9.3,55.5,82.0,84.38,0.0,0.17,0.17,0.0,0.0,0.01
2025-08-13 12:23:14,8.3,55.5,81.0,84.46,0.0,1.23,1.23,0.0,0.0,0.01
2025-08-13 12:23:15,7.7,55.5,66.0,84.52,0.0,15.52,15.52,0.0,0.0,0.0
2025-08-13 12:23:16,7.9,55.6,78.0,84.61,0.0,0.64,0.64,0.0,0.0,0.01
2025-08-13 12:23:17,8.4,55.6,70.0,84.7,0.0,1.03,1.03,0.0,0.0,0.01
2025-08-13 12:23:18,8.1,55.6,69.0,84.81,0.0,0.7,0.7,0.0,0.0,0.01
2025-08-13 12:23:19,7.7,55.6,49.0,84.95,0.0,0.79,0.79,0.0,0.0,0.01
2025-08-13 12:23:20,8.1,55.6,45.0,85.08,0.0,15.11,15.11,0.0,0.0,0.01
2025-08-13 12:23:21,8.2,55.6,89.0,92.4,0.0,0.26,0.26,0.0,0.0,0.01
2025-08-13 12:23:22,7.3,55.6,0.0,92.4,0.0,0.89,0.89,0.0,0.0,0.01
2025-08-13 12:23:23,6.4,55.6,0.0,92.4,0.0,1.16,1.16,0.0,0.0,0.01
2025-08-13 12:23:24,7.1,55.6,0.0,92.4,0.0,0.16,0.16,0.0,0.0,0.01
2025-08-13 12:23:25,6.0,55.6,0.0,92.4,0.0,15.36,15.36,0.0,0.0,0.01
2025-08-13 12:23:26,7.3,55.6,0.0,92.4,0.0,0.28,0.28,0.0,0.01,0.01
2025-08-13 12:23:27,6.9,55.6,0.0,92.4,0.0,0.98,0.98,0.0,0.0,0.01
2025-08-13 12:23:28,6.8,55.6,0.0,92.4,0.0,1.17,1.17,0.0,0.0,0.01
2025-08-13 12:23:29,6.5,55.6,0.0,92.4,0.0,0.72,0.72,0.0,0.0,0.01
2025-08-13 12:23:30,6.3,55.6,0.0,92.4,0.0,0.83,0.83,0.0,0.0,0.0
2025-08-13 12:23:31,6.2,55.6,0.0,92.4,0.0,14.93,14.93,0.0,0.0,0.01
2025-08-13 12:23:32,7.2,55.6,0.0,92.4,0.0,0.63,0.63,0.0,0.0,0.01
2025-08-13 12:23:33,6.8,55.6,0.0,92.4,0.0,1.26,1.26,0.0,0.0,0.01
2025-08-13 12:23:34,6.7,55.6,0.0,92.4,0.0,0.74,0.74,0.0,0.0,0.01
2025-08-13 12:23:35,6.9,55.6,0.0,92.4,0.0,0.59,0.59,0.0,0.0,0.01
2025-08-13 12:23:36,6.5,55.6,0.0,92.4,0.0,14.57,14.57,0.0,0.0,0.01
2025-08-13 12:23:37,6.8,55.6,0.0,92.4,0.0,0.31,0.31,0.0,0.0,0.01
2025-08-13 12:23:38,6.4,55.6,0.0,92.4,0.0,1.62,1.62,0.0,0.0,0.0
2025-08-13 12:23:39,6.6,55.6,0.0,92.4,0.0,0.82,0.82,0.0,0.0,0.01
2025-08-13 12:23:40,6.4,55.6,0.0,92.4,0.0,0.02,0.02,0.0,0.0,0.0
2025-08-13 12:23:41,6.9,55.6,0.0,92.4,0.0,1.05,1.05,0.0,0.0,0.01
2025-08-13 12:23:42,7.0,55.6,0.0,92.4,0.0,16.18,16.18,0.0,0.0,0.01
2025-08-13 12:23:43,6.8,55.6,0.0,92.4,0.0,1.97,1.97,0.0,0.0,0.0
2025-08-13 12:23:44,6.2,55.6,0.0,92.4,0.0,0.15,0.15,0.0,0.0,0.01
2025-08-13 12:23:45,6.4,55.6,0.0,92.4,0.0,0.85,0.85,0.0,0.0,0.01
2025-08-13 12:23:46,6.2,55.6,0.0,92.4,0.0,1.8,1.8,0.0,0.0,0.01
2025-08-13 12:23:47,7.0,55.6,0.0,92.4,0.0,13.58,13.58,0.0,0.0,0.01
2025-08-13 12:23:48,7.0,55.6,0.0,92.4,0.0,0.88,0.88,0.0,0.0,0.0
2025-08-13 12:23:49,6.8,55.6,0.0,92.4,0.0,0.35,0.35,0.0,0.0,0.01
2025-08-13 12:23:50,8.2,55.6,0.0,92.4,0.0,0.1,0.1,0.0,0.0,0.01
2025-08-13 12:23:51,7.3,55.6,0.0,92.4,0.0,0.61,0.61,0.0,0.0,0.01
2025-08-13 12:23:52,8.2,55.6,0.0,92.4,0.0,7.81,7.81,0.0,0.0,0.01
2025-08-13 12:23:53,8.3,55.6,0.0,92.4,0.0,10.02,10.02,0.0,0.0,0.01
2025-08-13 12:23:54,7.9,55.6,0.0,92.4,0.0,0.06,0.06,0.0,0.0,0.01
2025-08-13 12:23:55,7.4,55.7,0.0,92.4,0.0,1.06,1.06,0.0,0.0,0.01
2025-08-13 12:23:56,6.6,55.7,0.0,92.4,0.0,0.15,0.15,0.0,0.0,0.01
2025-08-13 12:23:57,6.5,55.7,0.0,92.4,0.0,0.52,0.52,0.0,0.0,0.0
2025-08-13 12:23:58,6.7,55.7,0.0,92.4,0.0,16.89,16.89,0.0,0.0,0.0
2025-08-13 12:23:59,6.7,55.7,0.0,92.4,0.0,0.16,0.16,0.0,0.0,0.01
2025-08-13 12:24:00,6.2,55.7,0.0,92.4,0.0,1.1,1.1,0.0,0.0,0.0
2025-08-13 12:24:01,6.2,55.7,0.0,92.4,0.0,0.02,0.02,0.0,0.0,0.0
2025-08-13 12:24:02,8.0,55.7,0.0,92.4,0.0,1.27,1.27,0.0,0.0,0.01
2025-08-13 12:24:03,7.6,55.7,0.0,92.4,0.0,15.86,15.86,0.0,0.0,0.01
2025-08-13 12:24:04,7.8,55.7,0.0,92.4,0.0,0.3,0.3,0.0,0.0,0.01
2025-08-13 12:24:05,6.2,55.7,0.0,92.4,0.0,0.16,0.16,0.0,0.0,0.01
2025-08-13 12:24:06,6.2,55.7,0.0,92.4,0.0,0.09,0.09,0.0,0.0,0.01
2025-08-13 12:24:07,6.0,55.7,0.0,92.4,0.0,1.64,1.64,0.0,0.01,0.01
2025-08-13 12:24:08,6.3,55.7,100.0,92.41,0.0,1.18,1.18,0.0,0.01,0.01
2025-08-13 12:24:09,9.5,55.7,96.0,92.41,0.0,16.85,16.85,0.0,0.01,0.01
2025-08-13 12:24:10,9.0,55.7,97.0,92.41,0.0,0.12,0.12,0.0,0.0,0.01
2025-08-13 12:24:11,8.6,55.7,97.0,92.41,0.0,1.3,1.3,0.01,0.01,0.01
2025-08-13 12:24:12,9.2,55.7,97.0,92.41,0.0,0.66,0.66,0.0,0.0,0.01
2025-08-13 12:24:13,8.8,55.7,97.0,92.41,0.0,0.8,0.8,0.0,0.01,0.01
2025-08-13 12:24:14,8.9,55.7,98.0,92.41,0.0,13.88,13.88,0.01,0.01,0.02
2025-08-13 12:24:15,8.5,55.7,97.0,92.41,0.0,0.13,0.13,0.02,0.03,0.05
2025-08-13 12:24:16,9.6,55.7,97.0,92.41,0.0,1.47,1.47,0.01,0.0,0.01
2025-08-13 12:24:17,9.7,55.7,98.0,92.41,0.0,1.41,1.41,0.0,0.0,0.01
2025-08-13 12:24:18,8.6,55.7,97.0,92.41,0.0,1.71,1.71,0.0,0.01,0.01
2025-08-13 12:24:19,8.3,55.7,98.0,92.41,0.0,15.96,15.96,0.0,0.0,0.01
2025-08-13 12:24:20,8.6,55.7,97.0,92.41,0.0,0.88,0.88,0.0,0.0,0.01
2025-08-13 12:24:21,8.5,55.7,98.0,92.41,0.0,0.63,0.63,0.0,0.0,0.01
2025-08-13 12:24:22,9.5,55.7,98.0,92.41,0.0,0.46,0.46,0.0,0.0,0.01
2025-08-13 12:24:23,9.5,55.7,98.0,92.41,0.0,0.06,0.06,0.0,0.0,0.01
2025-08-13 12:24:24,9.8,55.7,97.0,92.41,0.0,1.71,1.71,0.01,0.01,0.02
2025-08-13 12:24:25,10.2,55.7,98.0,92.41,0.0,16.28,16.28,0.02,0.04,0.06
2025-08-13 12:24:26,9.7,55.7,98.0,92.41,0.0,0.21,0.21,0.02,0.01,0.03
2025-08-13 12:24:27,9.1,55.7,97.0,92.41,0.0,0.67,0.67,0.01,0.01,0.01
2025-08-13 12:24:28,8.8,55.7,97.0,92.41,0.0,0.65,0.65,0.0,0.0,0.01
2025-08-13 12:24:29,8.5,55.7,98.0,92.41,0.0,1.08,1.08,0.0,0.0,0.01
2025-08-13 12:24:30,9.0,55.7,98.0,92.41,0.0,14.7,14.7,0.0,0.0,0.01
2025-08-13 12:24:31,8.5,55.7,97.0,92.41,0.0,0.3,0.3,0.0,0.0,0.01
2025-08-13 12:24:32,11.4,55.7,98.0,92.41,0.0,0.72,0.72,0.0,0.0,0.01
2025-08-13 12:24:33,9.4,55.7,98.0,92.41,0.0,0.43,0.43,0.01,0.01,0.01
2025-08-13 12:24:34,9.5,55.7,97.0,92.41,0.0,1.06,1.06,0.01,0.01,0.01
2025-08-13 12:24:35,10.9,55.7,97.0,92.41,0.0,16.62,16.62,0.01,0.01,0.02
2025-08-13 12:24:36,10.2,55.7,98.0,92.41,0.0,0.18,0.18,0.01,0.03,0.05
2025-08-13 12:24:37,11.8,55.7,97.0,92.41,0.0,0.82,0.82,0.01,0.01,0.02
2025-08-13 12:24:38,10.9,55.7,97.0,92.41,0.0,0.11,0.11,0.01,0.01,0.01
2025-08-13 12:24:39,9.7,55.7,98.0,92.41,0.0,1.28,1.28,0.01,0.01,0.01
2025-08-13 12:24:40,9.2,55.7,97.0,92.41,0.0,1.19,1.19,0.0,0.0,0.01
2025-08-13 12:24:41,8.7,55.7,98.0,92.41,0.0,15.98,15.98,0.01,0.01,0.01
2025-08-13 12:24:42,8.6,55.7,98.0,92.41,0.0,0.23,0.23,0.0,0.0,0.01
2025-08-13 12:24:43,8.6,55.7,98.0,92.41,0.0,0.53,0.53,0.01,0.01,0.01
2025-08-13 12:24:44,9.7,55.7,98.0,92.41,0.0,0.98,0.98,0.01,0.01,0.01
2025-08-13 12:24:45,8.9,55.7,98.0,92.41,0.0,1.04,1.04,0.0,0.0,0.01
2025-08-13 12:24:46,8.6,55.7,97.0,92.41,0.0,14.95,14.95,0.0,0.0,0.01
2025-08-13 12:24:47,8.8,55.7,97.0,92.41,0.0,1.47,1.47,0.0,0.0,0.01
2025-08-13 12:24:48,10.6,55.7,98.0,92.41,0.0,0.2,0.2,0.01,0.03,0.04
2025-08-13 12:24:49,10.2,55.7,98.0,92.41,0.0,0.84,0.84,0.02,0.05,0.07
2025-08-13 12:24:50,10.3,55.7,97.0,92.41,0.0,0.33,0.33,0.03,0.95,0.98
2025-08-13 12:24:51,11.4,55.7,97.0,92.41,0.0,14.13,14.13,0.03,0.96,1.0
2025-08-13 12:24:52,11.6,55.7,96.0,92.41,0.0,0.72,0.72,0.03,0.95,0.98
2025-08-13 12:24:53,11.8,55.7,97.0,92.41,0.0,0.43,0.43,0.04,0.06,0.1
2025-08-13 12:24:54,11.5,55.7,97.0,92.41,0.0,1.36,1.36,0.95,0.03,0.98
2025-08-13 12:24:55,10.1,55.7,98.0,92.41,0.0,0.24,0.24,0.02,0.01,0.03
2025-08-13 12:24:56,16.6,55.7,96.0,92.41,0.0,0.71,0.71,0.96,0.03,0.98
2025-08-13 12:24:57,22.2,55.8,97.0,92.41,0.0,16.89,16.89,0.01,0.01,0.01
2025-08-13 12:24:58,22.8,55.8,96.0,92.41,0.0,0.12,0.12,0.01,0.01,0.02
2025-08-13 12:24:59,11.4,55.7,98.0,92.41,0.0,0.91,0.91,0.01,0.01,0.01
2025-08-13 12:25:00,9.9,55.7,97.0,92.41,0.0,0.05,0.05,0.01,0.01,0.01
2025-08-13 12:25:01,10.5,55.7,97.0,92.41,0.0,0.59,0.59,0.0,0.01,0.01
2025-08-13 12:25:02,9.4,55.7,97.0,92.41,0.0,15.91,15.91,0.02,0.01,0.03
2025-08-13 12:25:03,8.7,55.7,100.0,92.41,0.0,0.49,0.49,0.0,0.01,0.02
2025-08-13 12:25:04,9.1,55.7,97.0,92.41,0.0,1.05,1.05,0.01,0.01,0.01
2025-08-13 12:25:05,10.7,55.7,96.0,92.41,0.0,0.09,0.09,0.01,0.01,0.01
2025-08-13 12:25:06,8.7,55.7,98.0,92.41,0.0,0.4,0.4,0.0,0.0,0.01
2025-08-13 12:25:07,8.7,55.7,98.0,92.41,0.0,15.47,15.47,0.0,0.01,0.01
2025-08-13 12:25:08,9.1,55.7,97.0,92.41,0.0,0.31,0.31,0.01,0.01,0.02
2025-08-13 12:25:09,8.6,55.7,97.0,92.41,0.0,0.95,0.95,0.0,0.01,0.01
2025-08-13 12:25:10,9.0,55.5,97.0,92.41,0.0,0.16,0.16,0.01,0.01,0.01
2025-08-13 12:25:12,7.8,55.5,97.0,92.41,0.0,1.47,1.47,0.0,0.01,0.01
2025-08-13 12:25:13,9.7,55.5,97.0,92.41,0.0,15.2,15.2,0.0,0.01,0.01
2025-08-13 12:25:14,9.7,55.6,97.0,92.41,0.0,0.73,0.73,0.0,0.01,0.01
2025-08-13 12:25:15,10.1,55.6,97.0,92.41,0.0,0.51,0.51,0.0,0.01,0.01
2025-08-13 12:25:16,9.1,55.6,100.0,92.41,0.0,1.12,1.12,0.01,0.24,0.25
2025-08-13 12:25:17,8.7,55.6,96.0,92.41,0.0,0.2,0.2,0.0,0.0,0.01
2025-08-13 12:25:18,9.0,55.6,97.0,92.41,0.0,0.6,0.6,0.0,0.0,0.01
2025-08-13 12:25:19,8.7,55.6,97.0,92.41,0.0,17.18,17.18,0.0,0.0,0.01
2025-08-13 12:25:20,10.2,55.6,97.0,92.41,0.0,0.56,0.56,0.0,0.0,0.01
2025-08-13 12:25:21,10.1,55.6,98.0,92.41,0.0,0.96,0.96,0.0,0.0,0.01
2025-08-13 12:25:22,9.1,55.6,97.0,92.41,0.0,0.8,0.8,0.01,0.0,0.01
2025-08-13 12:25:23,10.4,55.7,98.0,92.41,0.0,0.08,0.08,0.0,0.0,0.01
2025-08-13 12:25:24,10.1,55.7,96.0,92.41,0.0,16.0,16.0,0.0,0.0,0.01
2025-08-13 12:25:25,9.0,55.7,97.0,92.41,0.0,0.06,0.06,0.0,0.0,0.01
2025-08-13 12:25:26,8.6,55.7,97.0,92.41,0.0,1.67,1.67,0.0,0.0,0.01
2025-08-13 12:25:27,10.3,55.7,97.0,92.41,0.0,0.34,0.34,0.01,0.0,0.01
2025-08-13 12:25:28,10.1,55.7,97.0,92.41,0.0,0.08,0.08,0.01,0.01,0.01
2025-08-13 12:25:29,9.7,55.7,97.0,92.41,0.0,15.28,15.28,0.01,0.01,0.01
2025-08-13 12:25:30,8.7,55.7,98.0,92.41,0.0,0.61,0.61,0.01,0.0,0.01
2025-08-13 12:25:31,8.5,55.7,96.0,92.41,0.0,1.3,1.3,0.01,0.0,0.01
2025-08-13 12:25:32,8.8,55.7,97.0,92.41,0.0,0.53,0.53,0.01,0.0,0.01
2025-08-13 12:25:33,9.0,55.7,97.0,92.41,0.0,0.17,0.17,0.0,0.01,0.01
2025-08-13 12:25:34,9.2,55.7,96.0,92.41,0.0,15.19,15.19,0.01,0.01,0.02
2025-08-13 12:25:35,8.9,55.7,97.0,92.41,0.0,0.44,0.44,0.01,0.0,0.01
2025-08-13 12:25:36,8.8,55.7,97.0,92.41,0.0,1.62,1.62,0.01,0.0,0.01
2025-08-13 12:25:37,9.3,55.7,96.0,92.41,0.0,0.58,0.58,0.01,0.0,0.01
2025-08-13 12:25:38,8.4,55.7,97.0,92.41,0.0,0.06,0.06,0.0,0.0,0.01
2025-08-13 12:25:39,8.9,55.7,97.0,92.41,0.0,0.76,0.76,0.0,0.0,0.01
2025-08-13 12:25:40,8.7,55.8,96.0,92.41,0.0,15.7,15.7,0.0,0.0,0.01
2025-08-13 12:25:41,9.8,55.1,96.0,92.41,0.0,1.44,1.44,0.0,0.01,0.01
2025-08-13 12:25:42,10.5,55.3,97.0,92.41,0.0,2916.16,2916.16,0.0,0.0,0.01
2025-08-13 12:25:43,10.2,55.2,96.0,92.41,0.0,1659.41,1659.41,0.0,0.0,0.01
2025-08-13 12:25:44,10.0,55.3,96.0,92.41,0.0,1079.14,1079.14,0.0,0.0,0.01
2025-08-13 12:25:45,9.9,55.3,96.0,92.41,0.0,830.4,830.4,0.0,0.0,0.01
2025-08-13 12:25:46,12.1,55.3,97.0,92.41,0.0,815.0,815.0,0.0,0.0,0.01
2025-08-13 12:25:47,11.0,55.2,97.0,92.41,0.0,1625.18,1625.18,0.0,0.0,0.0
2025-08-13 12:25:48,12.6,55.3,0.0,92.41,0.0,1631.97,1631.97,0.01,0.01,0.01
2025-08-13 12:25:49,11.5,55.4,0.0,92.41,0.0,1632.34,1632.34,0.0,0.0,0.01
2025-08-13 12:25:50,10.6,55.3,52.0,0.86,0.0,1650.72,1650.72,0.0,0.0,0.01
2025-08-13 12:25:51,10.0,55.4,100.0,0.85,0.0,1631.68,1631.68,0.01,0.04,0.05
2025-08-13 12:25:52,9.7,55.5,61.0,0.85,0.0,1621.7,1621.7,0.01,0.01,0.01
2025-08-13 12:25:53,9.7,55.6,0.0,0.85,0.0,1518.89,1518.89,0.0,0.0,0.0
2025-08-13 12:25:54,10.4,55.7,0.0,0.85,0.0,119.73,119.73,0.0,0.0,0.01
2025-08-13 12:25:55,10.1,55.6,0.0,0.85,0.0,0.23,0.23,0.03,0.95,0.98
2025-08-13 12:25:56,8.5,55.5,0.0,0.85,0.0,15.27,15.27,0.0,0.0,0.01
2025-08-13 12:25:57,8.9,55.4,0.0,0.85,0.0,1.09,1.09,0.01,0.01,0.01
2025-08-13 12:25:58,9.3,55.5,4.0,79.26,0.0,617.21,617.21,0.0,0.0,0.0
2025-08-13 12:25:59,9.8,55.5,3.0,79.26,0.0,146.56,146.56,0.0,0.01,0.01
2025-08-13 12:26:00,10.0,55.6,0.0,79.26,0.0,0.72,0.72,0.0,0.0,0.01
2025-08-13 12:26:01,10.1,55.6,0.0,79.26,0.0,12.43,12.43,0.0,0.0,0.0
2025-08-13 12:26:02,11.3,55.6,0.0,79.26,0.0,0.8,0.8,0.0,0.0,0.01
2025-08-13 12:26:03,10.1,55.6,0.0,79.26,0.0,4.04,4.04,0.0,0.0,0.01
2025-08-13 12:26:04,8.9,55.6,6.0,79.26,0.0,0.24,0.24,0.0,0.0,0.01
2025-08-13 12:26:05,10.8,55.6,6.0,79.26,0.0,0.16,0.16,0.0,0.0,0.01
2025-08-13 12:26:06,10.9,55.7,6.0,79.26,0.0,14.74,14.74,0.0,0.0,0.01
2025-08-13 12:26:07,9.5,55.6,1.0,79.26,0.0,1.01,1.01,0.0,0.0,0.01
2025-08-13 12:26:08,10.4,55.6,0.0,79.26,0.0,0.22,0.22,0.0,0.0,0.01
2025-08-13 12:26:09,10.5,55.6,0.0,79.26,0.0,14.47,14.47,0.0,0.0,0.0
2025-08-13 12:26:10,8.5,55.4,6.0,79.26,0.0,0.93,0.93,0.0,0.0,0.0
2025-08-13 12:26:11,8.6,55.5,0.0,79.26,0.0,0.15,0.15,0.0,0.0,0.01
2025-08-13 12:26:12,8.2,55.5,3.0,79.26,0.0,15.76,15.76,0.0,0.0,0.01
2025-08-13 12:26:13,8.5,55.4,6.0,79.26,0.0,0.11,0.11,0.0,0.0,0.0
2025-08-13 12:26:14,7.8,55.4,6.0,79.26,0.0,1.08,1.08,0.0,0.0,0.0
2025-08-13 12:26:15,8.3,55.4,6.0,79.26,0.0,1.25,1.25,0.0,0.0,0.0
2025-08-13 12:26:16,9.8,55.5,3.0,79.26,0.0,0.52,0.52,0.0,0.0,0.0
2025-08-13 12:26:17,9.8,55.5,6.0,79.26,0.0,14.81,14.81,0.0,0.0,0.0
2025-08-13 12:26:18,8.5,55.5,1.0,79.26,0.0,1.72,1.72,0.0,0.0,0.0
2025-08-13 12:26:19,8.0,55.5,0.0,79.26,0.0,0.93,0.93,0.0,0.0,0.0
2025-08-13 12:26:20,7.9,55.5,0.0,79.26,0.0,1.61,1.61,0.0,0.0,0.0
2025-08-13 12:26:21,8.9,55.5,6.0,79.26,0.0,0.81,0.81,0.0,0.0,0.0
2025-08-13 12:26:22,8.7,55.5,7.0,79.26,0.0,15.02,15.02,0.0,0.0,0.01
2025-08-13 12:26:23,8.9,55.5,6.0,79.26,0.0,0.5,0.5,0.0,0.0,0.0
2025-08-13 12:26:24,8.4,55.5,0.0,79.26,0.0,0.99,0.99,0.0,0.0,0.0
2025-08-13 12:26:25,8.5,55.5,0.0,79.26,0.0,0.98,0.98,0.0,0.0,0.0
2025-08-13 12:26:26,8.0,55.5,6.0,79.26,0.0,0.24,0.24,0.0,0.0,0.0
2025-08-13 12:26:27,9.1,55.5,3.0,79.26,0.0,17.91,17.91,0.0,0.0,0.01
2025-08-13 12:26:28,8.8,55.5,0.0,79.26,0.0,0.65,0.65,0.0,0.0,0.0
2025-08-13 12:26:29,8.9,55.5,6.0,79.26,0.0,1.8,1.8,0.0,0.0,0.01
2025-08-13 12:26:30,8.9,55.5,1.0,79.26,0.0,0.06,0.06,0.0,0.0,0.0
2025-08-13 12:26:31,8.3,55.5,6.0,79.26,0.0,0.61,0.61,0.0,0.0,0.01
2025-08-13 12:26:32,9.7,55.4,8.0,79.26,0.0,15.08,15.08,0.0,0.0,0.0
2025-08-13 12:26:33,8.4,55.5,6.0,79.26,0.0,0.6,0.6,0.0,0.0,0.01
2025-08-13 12:26:34,8.5,55.5,6.0,79.26,0.0,1.84,1.84,0.01,0.01,0.01
2025-08-13 12:26:35,8.7,55.5,0.0,79.26,0.0,0.47,0.47,0.01,0.01,0.02
2025-08-13 12:26:36,8.2,55.5,6.0,79.26,0.0,0.11,0.11,0.01,0.01,0.02
2025-08-13 12:26:37,9.5,55.5,0.0,79.26,0.0,0.05,0.05,0.0,0.0,0.01
2025-08-13 12:26:38,7.9,55.5,4.0,79.26,0.0,13.62,13.62,0.0,0.0,0.0
2025-08-13 12:26:39,8.3,55.5,0.0,79.26,0.0,1.9,1.9,0.01,0.01,0.01
2025-08-13 12:26:40,8.1,55.5,6.0,79.26,0.0,0.25,0.25,0.02,0.03,0.05
2025-08-13 12:26:41,8.1,55.5,5.0,79.26,0.0,0.83,0.83,0.0,0.01,0.01
2025-08-13 12:26:42,9.1,55.5,6.0,79.26,0.0,0.58,0.58,0.01,0.01,0.01
2025-08-13 12:26:43,8.3,55.5,0.0,79.26,0.0,14.6,14.6,0.0,0.0,0.0
2025-08-13 12:26:44,8.5,55.5,8.0,79.26,0.0,1.74,1.74,0.0,0.0,0.01
2025-08-13 12:26:45,8.6,55.5,0.0,79.26,0.0,0.2,0.2,0.0,0.0,0.0
2025-08-13 12:26:46,8.3,55.5,4.0,79.26,0.0,0.24,0.24,0.0,0.0,0.0
2025-08-13 12:26:47,8.0,55.5,0.0,79.26,0.0,1.12,1.12,0.0,0.0,0.0
2025-08-13 12:26:48,8.7,55.5,6.0,79.26,0.0,14.29,14.29,0.0,0.0,0.0
2025-08-13 12:26:49,8.5,55.5,6.0,79.26,0.0,1.71,1.71,0.0,0.0,0.01
2025-08-13 12:26:50,10.0,55.5,6.0,79.26,0.0,1.02,1.02,0.01,0.01,0.01
2025-08-13 12:26:51,10.1,55.5,0.0,79.26,0.0,1.22,1.22,0.0,0.0,0.01
2025-08-13 12:26:52,9.0,55.5,6.0,79.26,0.0,0.2,0.2,0.0,0.0,0.0
2025-08-13 12:26:53,9.7,55.5,0.0,79.26,0.0,16.77,16.77,0.0,0.0,0.0
2025-08-13 12:26:54,9.5,55.5,4.0,79.26,0.0,0.94,0.94,0.0,0.0,0.0
2025-08-13 12:26:55,8.4,55.5,0.0,79.26,0.0,1.33,1.33,0.0,0.0,0.01
2025-08-13 12:26:56,7.8,55.5,6.0,79.26,0.0,0.2,0.2,0.0,0.0,0.0
2025-08-13 12:26:57,8.4,55.5,6.0,79.26,0.0,0.13,0.13,0.0,0.0,0.01
2025-08-13 12:26:58,9.8,55.5,6.0,79.26,0.0,10.7,10.7,0.0,0.0,0.0
2025-08-13 12:26:59,8.2,55.5,0.0,79.26,0.0,6.1,6.1,0.0,0.0,0.0
2025-08-13 12:27:00,8.0,55.5,6.0,79.26,0.0,0.54,0.54,0.0,0.0,0.01
2025-08-13 12:27:01,7.9,55.5,6.0,79.26,0.0,0.14,0.14,0.0,0.0,0.0
2025-08-13 12:27:02,9.0,55.5,4.0,79.26,0.0,0.15,0.15,0.0,0.0,0.0
2025-08-13 12:27:03,9.5,55.5,0.0,79.26,0.0,1.65,1.65,0.0,0.0,0.0
2025-08-13 12:27:04,9.0,55.5,6.0,79.26,0.0,13.95,13.95,0.0,0.01,0.01
2025-08-13 12:27:05,10.3,55.5,3.0,79.26,0.0,1.32,1.32,0.0,0.0,0.01
2025-08-13 12:27:06,10.3,55.5,6.0,79.26,0.0,1.07,1.07,0.0,0.0,0.01
2025-08-13 12:27:07,9.2,55.5,0.0,79.26,0.0,0.11,0.11,0.0,0.0,0.0
2025-08-13 12:27:08,8.5,55.5,6.0,79.26,0.0,0.87,0.87,0.68,0.03,0.7
2025-08-13 12:27:09,9.4,55.6,0.0,79.26,0.0,17.37,17.37,0.01,0.01,0.02
2025-08-13 12:27:10,9.3,55.5,3.0,79.26,0.0,1.17,1.17,0.69,0.03,0.72
2025-08-13 12:27:11,8.8,55.6,0.0,79.26,0.0,0.95,0.95,0.01,0.0,0.01
2025-08-13 12:27:12,9.1,55.6,0.0,79.26,0.0,0.55,0.55,0.0,0.0,0.0
2025-08-13 12:27:13,8.6,55.5,0.0,79.26,0.0,0.07,0.07,0.0,0.0,0.01
2025-08-13 12:27:14,8.3,55.6,6.0,79.26,0.0,14.66,14.66,0.0,0.0,0.0
2025-08-13 12:27:15,9.4,55.6,0.0,79.26,0.0,1.14,1.14,0.0,0.0,0.0
2025-08-13 12:27:16,8.4,55.6,0.0,79.26,0.0,0.22,0.22,0.0,0.0,0.0
2025-08-13 12:27:17,9.7,55.6,33.0,79.26,0.0,1.19,1.19,0.0,0.0,0.0
2025-08-13 12:27:18,9.1,55.6,5.0,79.79,0.0,0.9,0.9,0.0,0.0,0.01
2025-08-13 12:27:19,9.2,55.6,100.0,81.69,0.0,0.14,0.14,0.0,0.0,0.01
2025-08-13 12:27:20,8.4,55.6,100.0,83.72,0.0,16.78,16.78,0.0,0.0,0.0
2025-08-13 12:27:21,8.5,55.6,75.0,83.72,0.0,2.11,2.11,0.0,0.0,0.01
2025-08-13 12:27:22,8.9,55.6,73.0,83.72,0.0,0.3,0.3,0.0,0.0,0.0
2025-08-13 12:27:23,8.4,55.6,77.0,83.72,0.0,0.61,0.61,0.0,0.0,0.01
2025-08-13 12:27:24,9.4,55.6,77.0,83.72,0.0,0.54,0.54,0.0,0.0,0.0
2025-08-13 12:27:25,9.2,55.6,76.0,83.72,0.0,15.35,15.35,0.0,0.0,0.0
2025-08-13 12:27:26,9.2,55.6,76.0,83.72,0.0,0.07,0.07,0.0,0.0,0.01
2025-08-13 12:27:27,10.2,55.6,77.0,83.72,0.0,0.31,0.31,0.0,0.0,0.01
2025-08-13 12:27:28,9.0,55.4,76.0,83.72,0.0,0.09,0.09,0.0,0.0,0.0
2025-08-13 12:27:29,8.8,55.5,77.0,83.72,0.0,1.25,1.25,0.0,0.0,0.01
2025-08-13 12:27:30,8.5,55.5,75.0,83.72,0.0,16.42,16.42,0.0,0.0,0.0
2025-08-13 12:27:31,8.5,55.5,79.0,83.72,0.0,0.09,0.09,0.0,0.0,0.01
2025-08-13 12:27:32,9.4,55.5,79.0,83.72,0.0,0.96,0.96,0.0,0.0,0.0
2025-08-13 12:27:33,9.2,55.5,79.0,83.72,0.0,0.13,0.13,0.0,0.0,0.0
2025-08-13 12:27:34,8.9,55.5,78.0,83.72,0.0,0.72,0.72,0.0,0.0,0.0
2025-08-13 12:27:35,11.0,55.5,79.0,83.72,0.0,1.01,1.01,0.0,0.0,0.01
2025-08-13 12:27:36,9.3,55.6,79.0,83.72,0.0,14.32,14.32,0.0,0.0,0.0
2025-08-13 12:27:37,9.9,55.5,78.0,83.72,0.0,0.16,0.16,0.0,0.0,0.0
2025-08-13 12:27:38,10.0,55.5,77.0,83.72,0.0,1.1,1.1,0.0,0.0,0.0
2025-08-13 12:27:39,9.4,55.5,78.0,83.72,0.0,0.25,0.25,0.0,0.0,0.0
2025-08-13 12:27:40,9.1,55.5,80.0,83.72,0.0,0.91,0.91,0.0,0.0,0.0
2025-08-13 12:27:41,8.4,55.5,79.0,83.72,0.0,15.62,15.62,0.0,0.0,0.01
2025-08-13 12:27:42,9.1,55.5,80.0,83.72,0.0,0.12,0.12,0.0,0.0,0.0
2025-08-13 12:27:43,8.4,55.5,81.0,83.72,0.0,1.31,1.31,0.0,0.0,0.0
2025-08-13 12:27:44,8.4,55.5,81.0,83.72,0.0,0.44,0.44,0.0,0.0,0.0
2025-08-13 12:27:45,9.0,55.5,81.0,83.72,0.0,1.02,1.02,0.0,0.0,0.0
2025-08-13 12:27:46,9.5,55.5,82.0,83.72,0.0,15.65,15.65,0.0,0.0,0.01
2025-08-13 12:27:47,9.7,55.5,78.0,83.72,0.0,0.54,0.54,0.0,0.0,0.0
2025-08-13 12:27:48,9.2,55.5,82.0,83.72,0.0,0.52,0.52,0.0,0.0,0.0
2025-08-13 12:27:49,8.6,55.5,82.0,83.72,0.0,0.27,0.27,0.0,0.0,0.0
2025-08-13 12:27:50,9.1,55.5,81.0,83.72,0.0,0.95,0.95,0.0,0.0,0.0
2025-08-13 12:27:51,9.8,55.5,78.0,83.72,0.0,14.91,14.91,0.0,0.0,0.0
2025-08-13 12:27:52,8.9,55.5,83.0,83.72,0.0,1.46,1.46,0.0,0.0,0.0
2025-08-13 12:27:53,8.8,55.5,82.0,83.72,0.0,0.57,0.57,0.0,0.0,0.0
2025-08-13 12:27:54,10.2,55.6,82.0,83.72,0.0,0.08,0.08,0.0,0.0,0.0
2025-08-13 12:27:55,9.1,55.6,83.0,83.72,0.0,0.05,0.05,0.0,0.0,0.0
2025-08-13 12:27:56,8.9,55.5,83.0,83.72,0.0,17.72,17.72,0.0,0.0,0.0
2025-08-13 12:27:57,9.0,55.5,52.0,1.51,0.0,0.74,0.74,0.02,0.01,0.03
2025-08-13 12:27:58,9.7,55.6,100.0,1.51,0.0,0.57,0.57,0.01,0.03,0.04
2025-08-13 12:27:59,9.2,55.4,0.0,0.86,0.0,0.12,0.12,0.01,0.0,0.01
2025-08-13 12:28:00,8.8,55.4,0.0,0.86,0.0,0.61,0.61,0.0,0.0,0.01
2025-08-13 12:28:01,10.8,55.3,0.0,0.86,0.0,1.45,1.45,0.0,0.0,0.0
2025-08-13 12:28:02,10.5,55.3,0.0,0.86,0.0,17.55,17.55,0.0,0.0,0.01
2025-08-13 12:28:03,9.3,55.3,0.0,0.86,0.0,0.23,0.23,0.0,0.0,0.01
2025-08-13 12:28:04,8.8,55.3,0.0,0.86,0.0,0.15,0.15,0.0,0.0,0.01
2025-08-13 12:28:05,9.6,55.3,0.0,0.86,0.0,0.04,0.04,0.0,0.01,0.01
2025-08-13 12:28:06,9.0,55.3,0.0,0.86,0.0,0.88,0.88,0.0,0.0,0.01
2025-08-13 12:28:07,9.3,55.3,0.0,0.86,0.0,12.26,12.26,0.0,0.0,0.0
2025-08-13 12:28:08,9.0,55.4,0.0,0.86,0.0,0.64,0.64,0.0,0.0,0.01
2025-08-13 12:28:09,9.4,55.4,0.0,0.86,0.0,0.74,0.74,0.0,0.0,0.01
2025-08-13 12:28:10,8.8,55.4,0.0,0.86,0.0,0.45,0.45,0.0,0.0,0.01
2025-08-13 12:28:11,8.3,55.3,0.0,0.86,0.0,1.07,1.07,0.0,0.0,0.01
2025-08-13 12:28:12,8.6,55.4,0.0,0.86,0.0,17.17,17.17,0.0,0.0,0.01
2025-08-13 12:28:13,8.5,55.4,0.0,0.86,0.0,0.4,0.4,0.0,0.0,0.0
2025-08-13 12:28:14,9.0,55.4,0.0,0.86,0.0,0.64,0.64,0.0,0.0,0.0
2025-08-13 12:28:15,9.3,55.4,0.0,0.86,0.0,0.08,0.08,0.0,0.0,0.0
2025-08-13 12:28:16,8.6,55.4,0.0,0.86,0.0,0.96,0.96,0.0,0.0,0.01
2025-08-13 12:28:17,10.5,55.4,0.0,0.86,0.0,7.09,7.09,0.0,0.0,0.01
2025-08-13 12:28:18,8.5,55.4,0.0,0.86,0.0,8.65,8.65,0.0,0.0,0.0
2025-08-13 12:28:19,9.6,55.4,0.0,1.46,0.0,0.46,0.46,0.0,0.0,0.0
2025-08-13 12:28:20,9.7,55.4,0.0,1.46,0.0,0.59,0.59,0.0,0.0,0.0
2025-08-13 12:28:21,9.0,55.4,0.0,1.46,0.0,0.82,0.82,0.0,0.0,0.01
2025-08-13 12:28:22,9.6,55.4,0.0,1.46,0.0,1.65,1.65,0.0,0.0,0.01
2025-08-13 12:28:23,9.0,55.4,0.0,1.46,0.0,18.28,18.28,0.0,0.0,0.01
2025-08-13 12:28:24,9.8,55.3,0.0,1.58,0.0,0.2,0.2,0.0,0.0,0.01
2025-08-13 12:28:25,9.8,55.3,6.0,79.74,0.0,1.21,1.21,0.0,0.0,0.01
2025-08-13 12:28:26,8.6,55.3,6.0,79.74,0.0,1.4,1.4,0.01,0.01,0.01
2025-08-13 12:28:27,8.7,55.3,3.0,79.74,0.0,0.06,0.06,0.0,0.0,0.01
2025-08-13 12:28:28,9.2,55.3,7.0,79.74,0.0,13.44,13.44,0.0,0.0,0.01
2025-08-13 12:28:29,9.2,55.3,0.0,79.74,0.0,0.21,0.21,0.0,0.0,0.01
2025-08-13 12:28:30,8.7,55.4,0.0,79.74,0.0,0.21,0.21,0.0,0.0,0.0
2025-08-13 12:28:31,8.4,55.4,6.0,79.74,0.0,0.82,0.82,0.0,0.0,0.01
2025-08-13 12:28:32,9.3,55.4,6.0,79.74,0.0,0.26,0.26,0.0,0.0,0.0
2025-08-13 12:28:33,9.0,55.4,3.0,79.74,0.0,15.21,15.21,0.0,0.0,0.01
2025-08-13 12:28:34,8.7,55.4,0.0,79.74,0.0,0.1,0.1,0.0,0.0,0.0
2025-08-13 12:28:35,9.5,55.4,3.0,79.74,0.0,0.1,0.1,0.0,0.0,0.01
2025-08-13 12:28:36,9.8,55.4,0.0,79.74,0.0,0.95,0.95,0.0,0.0,0.01
2025-08-13 12:28:37,8.4,55.4,0.0,79.74,0.0,0.88,0.88,0.0,0.0,0.0
2025-08-13 12:28:38,8.8,55.4,3.0,79.74,0.0,15.81,15.81,0.0,0.0,0.0
2025-08-13 12:28:39,8.7,55.4,0.0,79.74,0.0,1.05,1.05,0.0,0.0,0.0
2025-08-13 12:28:40,8.5,55.4,0.0,79.74,0.0,0.21,0.21,0.0,0.0,0.0
2025-08-13 12:28:41,8.7,55.4,8.0,79.74,0.0,1.13,1.13,0.0,0.0,0.0
2025-08-13 12:28:42,9.0,55.4,6.0,79.74,0.0,0.11,0.11,0.0,0.0,0.0
2025-08-13 12:28:43,8.9,55.4,6.0,79.74,0.0,10.03,10.03,0.0,0.0,0.0
2025-08-13 12:28:44,8.6,55.4,7.0,79.74,0.0,5.48,5.48,0.0,0.0,0.01
2025-08-13 12:28:45,8.8,55.4,0.0,79.74,0.0,0.16,0.16,0.0,0.0,0.01
2025-08-13 12:28:46,9.2,55.4,2.0,79.74,0.0,0.05,0.05,0.0,0.0,0.01
2025-08-13 12:28:47,9.1,55.4,0.0,79.74,0.0,0.96,0.96,0.0,0.0,0.0
2025-08-13 12:28:48,9.9,55.4,0.0,79.74,0.0,0.09,0.09,0.0,0.0,0.0
2025-08-13 12:28:49,8.9,55.4,6.0,79.74,0.0,14.66,14.66,0.0,0.0,0.0
2025-08-13 12:28:50,9.3,55.4,0.0,79.74,0.0,0.69,0.69,0.0,0.0,0.0
2025-08-13 12:28:52,8.8,55.4,6.0,79.74,0.0,0.12,0.12,0.0,0.0,0.0
2025-08-13 12:28:53,8.8,55.4,3.0,79.74,0.0,1.0,1.0,0.0,0.0,0.0
2025-08-13 12:28:54,9.1,55.4,2.0,79.74,0.0,1.19,1.19,0.0,0.0,0.0
2025-08-13 12:28:55,9.5,55.4,8.0,79.74,0.0,18.78,18.78,0.0,0.0,0.01
2025-08-13 12:28:56,8.5,55.4,0.0,79.74,0.0,0.48,0.48,0.0,0.0,0.0
2025-08-13 12:28:57,9.3,55.4,6.0,79.74,0.0,0.54,0.54,0.0,0.0,0.0
2025-08-13 12:28:58,9.5,55.5,6.0,79.74,0.0,1.21,1.21,0.0,0.0,0.0
2025-08-13 12:28:59,8.7,55.4,0.0,79.74,0.0,0.07,0.07,0.0,0.0,0.0
2025-08-13 12:29:00,8.7,55.5,2.0,79.74,0.0,14.76,14.76,0.0,0.0,0.0
2025-08-13 12:29:01,8.8,55.5,1.0,79.74,0.0,0.17,0.17,0.0,0.0,0.01
2025-08-13 12:29:02,8.9,55.5,1.0,79.74,0.0,0.17,0.17,0.0,0.0,0.0
2025-08-13 12:29:03,8.7,55.5,1.0,79.74,0.0,2.43,2.43,0.0,0.0,0.0
2025-08-13 12:29:04,9.3,55.5,3.0,79.74,0.0,0.42,0.42,0.0,0.0,0.0
2025-08-13 12:29:05,10.2,55.5,6.0,79.74,0.0,15.62,15.62,0.0,0.0,0.01
2025-08-13 12:29:06,10.4,55.5,6.0,79.74,0.0,0.96,0.96,0.0,0.0,0.0
2025-08-13 12:29:07,10.5,55.5,1.0,79.74,0.0,0.55,0.55,0.0,0.0,0.01
2025-08-13 12:29:08,9.8,55.5,6.0,79.74,0.0,0.97,0.97,0.0,0.0,0.01
2025-08-13 12:29:09,10.0,55.5,4.0,79.74,0.0,0.27,0.27,0.0,0.0,0.0
2025-08-13 12:29:10,9.6,55.5,6.0,79.74,0.0,10.12,10.12,0.0,0.0,0.01
2025-08-13 12:29:11,8.5,55.5,6.0,79.74,0.0,6.89,6.89,0.0,0.0,0.01
2025-08-13 12:29:12,8.5,55.5,6.0,79.74,0.0,0.82,0.82,0.0,0.0,0.0
2025-08-13 12:29:13,8.3,55.5,6.0,79.74,0.0,1.56,1.56,0.0,0.0,0.0
2025-08-13 12:29:14,7.9,55.5,6.0,79.74,0.0,1.0,1.0,0.0,0.0,0.0
2025-08-13 12:29:15,8.1,55.5,6.0,79.74,0.0,0.15,0.15,0.0,0.0,0.0
2025-08-13 12:29:16,8.0,55.5,6.0,79.74,0.0,15.98,15.98,0.0,0.0,0.01
2025-08-13 12:29:17,8.8,55.5,6.0,79.74,0.0,0.38,0.38,0.0,0.0,0.01
2025-08-13 12:29:18,9.0,55.5,0.0,79.74,0.0,1.45,1.45,0.0,0.0,0.0
2025-08-13 12:29:19,9.7,55.5,3.0,79.74,0.0,0.22,0.22,0.0,0.0,0.0
2025-08-13 12:29:20,8.1,55.5,3.0,79.74,0.0,0.19,0.19,0.0,0.0,0.0
2025-08-13 12:29:21,8.9,55.5,0.0,79.74,0.0,15.8,15.8,0.0,0.0,0.0
2025-08-13 12:29:22,8.8,55.5,5.0,79.74,0.0,0.64,0.64,0.0,0.0,0.0
2025-08-13 12:29:23,8.0,55.5,8.0,79.74,0.0,1.05,1.05,0.0,0.0,0.0
2025-08-13 12:29:24,8.5,55.5,6.0,79.74,0.0,1.1,1.1,0.0,0.0,0.0
2025-08-13 12:29:25,8.9,55.5,8.0,79.74,0.0,0.89,0.89,0.0,0.0,0.01
2025-08-13 12:29:26,8.5,55.6,1.0,79.74,0.0,15.09,15.09,0.0,0.0,0.0
2025-08-13 12:29:27,9.4,55.5,6.0,79.74,0.0,0.87,0.87,0.0,0.0,0.01
2025-08-13 12:29:28,8.2,55.5,6.0,79.74,0.0,1.55,1.55,0.01,0.01,0.02
2025-08-13 12:29:29,8.3,55.6,0.0,79.74,0.0,0.21,0.21,0.0,0.0,0.01
2025-08-13 12:29:30,8.4,55.5,7.0,79.74,0.0,0.71,0.71,0.0,0.0,0.0
2025-08-13 12:29:31,8.0,55.6,6.0,79.74,0.0,14.76,14.76,0.0,0.0,0.0
2025-08-13 12:29:32,9.1,55.6,3.0,79.74,0.0,0.31,0.31,0.69,0.03,0.72
2025-08-13 12:29:33,8.4,55.5,8.0,79.74,0.0,0.87,0.87,0.69,0.03,0.72
2025-08-13 12:29:34,8.9,55.6,0.0,79.74,0.0,1.09,1.09,0.01,0.0,0.01
2025-08-13 12:29:35,9.1,55.6,34.0,79.74,0.0,0.02,0.02,0.0,0.0,0.01
2025-08-13 12:29:36,9.3,55.6,0.0,79.74,0.0,1.07,1.07,0.0,0.0,0.0
2025-08-13 12:29:37,9.6,55.6,4.0,79.74,0.0,16.74,16.74,0.0,0.0,0.01
2025-08-13 12:29:38,9.3,55.6,3.0,79.74,0.0,0.05,0.05,0.0,0.0,0.0
2025-08-13 12:29:39,9.0,55.6,5.0,79.74,0.0,1.13,1.13,0.0,0.0,0.0
2025-08-13 12:29:40,8.8,55.6,0.0,79.74,0.0,0.26,0.26,0.0,0.0,0.0
2025-08-13 12:29:41,8.0,55.6,0.0,79.74,0.0,1.54,1.54,0.0,0.0,0.0
2025-08-13 12:29:42,8.0,55.6,0.0,79.74,0.0,15.53,15.53,0.01,0.02,0.03
2025-08-13 12:29:43,8.1,55.6,0.0,79.74,0.0,0.09,0.09,0.0,0.0,0.01
2025-08-13 12:29:44,8.0,55.6,1.0,79.74,0.0,1.08,1.08,0.0,0.0,0.01
2025-08-13 12:29:45,8.1,55.6,9.0,79.74,0.0,0.29,0.29,0.0,0.0,0.01
2025-08-13 12:29:46,8.7,55.6,0.0,79.74,0.0,1.82,1.82,0.0,0.0,0.0
2025-08-13 12:29:47,9.0,55.6,0.0,79.74,0.0,16.44,16.44,0.0,0.0,0.01
2025-08-13 12:29:48,8.2,55.6,0.0,79.74,0.0,0.06,0.06,0.0,0.0,0.01
2025-08-13 12:29:49,10.1,55.6,0.0,79.74,0.0,0.93,0.93,0.0,0.0,0.01
2025-08-13 12:29:50,9.7,55.6,1.0,82.76,0.0,0.14,0.14,0.0,0.0,0.01
2025-08-13 12:29:51,9.5,55.6,100.0,83.81,0.0,0.23,0.23,0.0,0.0,0.0
2025-08-13 12:29:52,8.7,55.7,0.0,83.81,0.0,13.14,13.14,0.0,0.0,0.0
2025-08-13 12:29:53,11.1,55.6,0.0,83.81,0.0,0.1,0.1,0.0,0.0,0.0
2025-08-13 12:29:54,10.2,55.6,0.0,83.81,0.0,0.97,0.97,0.0,0.0,0.0
2025-08-13 12:29:55,8.9,55.6,0.0,83.81,0.0,1.1,1.1,0.0,0.0,0.0
2025-08-13 12:29:56,9.0,55.6,0.0,83.81,0.0,0.07,0.07,0.0,0.0,0.0
2025-08-13 12:29:57,9.1,55.6,0.0,83.81,0.0,17.69,17.69,0.0,0.0,0.01
2025-08-13 12:29:58,9.4,55.6,0.0,83.81,0.0,0.05,0.05,0.0,0.0,0.0
2025-08-13 12:29:59,8.8,55.6,0.0,83.81,0.0,0.78,0.78,0.0,0.0,0.0
2025-08-13 12:30:00,9.5,55.6,0.0,83.81,0.0,1.04,1.04,0.0,0.0,0.01
2025-08-13 12:30:01,10.0,55.7,0.0,83.81,0.0,0.06,0.06,0.0,0.0,0.0
2025-08-13 12:30:02,10.2,55.7,0.0,83.81,0.0,5.2,5.2,0.0,0.0,0.0
2025-08-13 12:30:03,9.7,55.7,0.0,83.81,0.0,10.73,10.73,0.01,0.02,0.02
2025-08-13 12:30:04,9.0,55.7,0.0,83.81,0.0,0.95,0.95,0.0,0.0,0.01
2025-08-13 12:30:05,8.5,55.7,0.0,83.81,0.0,1.28,1.28,0.0,0.0,0.01
2025-08-13 12:30:06,9.3,55.7,0.0,83.81,0.0,0.4,0.4,0.0,0.0,0.0
2025-08-13 12:30:07,10.4,55.7,0.0,83.81,0.0,0.16,0.16,0.0,0.0,0.01
2025-08-13 12:30:08,8.9,55.7,0.0,83.81,0.0,14.23,14.23,0.0,0.0,0.0
2025-08-13 12:30:09,8.9,55.7,0.0,83.81,0.0,1.17,1.17,0.0,0.0,0.01
2025-08-13 12:30:10,9.0,55.7,0.0,83.82,0.0,0.17,0.17,0.0,0.0,0.01
2025-08-13 12:30:11,8.5,55.7,0.0,83.82,0.0,0.21,0.21,0.0,0.0,0.01
2025-08-13 12:30:12,8.7,55.7,0.0,83.82,0.0,1.3,1.3,0.0,0.0,0.0
2025-08-13 12:30:13,8.6,55.7,0.0,83.82,0.0,14.86,14.86,0.0,0.01,0.01
2025-08-13 12:30:14,9.2,55.7,0.0,83.82,0.0,1.54,1.54,0.0,0.0,0.0
2025-08-13 12:30:15,8.8,55.7,98.0,84.87,0.0,0.81,0.81,0.0,0.0,0.01
2025-08-13 12:30:16,8.5,55.7,97.0,84.87,0.0,0.12,0.12,0.01,0.02,0.03
2025-08-13 12:30:17,12.0,55.5,94.0,84.87,0.0,1.19,1.19,0.01,0.04,0.05
2025-08-13 12:30:18,11.4,55.5,97.0,84.87,0.0,17.95,17.95,0.02,0.05,0.07
2025-08-13 12:30:19,15.8,55.6,97.0,84.87,0.0,1.54,1.54,0.13,0.14,0.27
2025-08-13 12:30:20,13.6,55.6,96.0,84.87,0.0,0.26,0.26,0.11,0.06,0.17
2025-08-13 12:30:21,14.4,55.6,97.0,84.87,0.0,0.38,0.38,0.0,0.0,0.01
2025-08-13 12:30:22,13.6,55.6,97.0,84.87,0.0,1.2,1.2,0.0,0.0,0.01
2025-08-13 12:30:23,12.4,55.7,98.0,84.87,0.0,15.41,15.41,0.01,0.01,0.01
2025-08-13 12:30:24,11.7,55.7,9.0,90.68,0.0,0.83,0.83,0.02,0.01,0.03
2025-08-13 12:30:25,12.8,55.5,62.0,83.67,0.0,1.04,1.04,0.0,0.0,0.01
2025-08-13 12:30:26,10.9,55.5,78.0,84.05,0.0,2.17,2.17,0.0,0.0,0.01
2025-08-13 12:30:27,10.5,55.5,80.0,84.13,0.0,0.24,0.24,0.0,0.0,0.01
2025-08-13 12:30:28,11.4,55.5,80.0,84.11,0.0,1.63,1.63,0.0,0.0,0.01
2025-08-13 12:30:29,10.7,55.5,70.0,84.22,0.0,13.18,13.18,0.0,0.0,0.01
2025-08-13 12:30:30,11.2,55.5,61.0,84.32,0.0,1.36,1.36,0.0,0.0,0.01
2025-08-13 12:30:31,10.2,55.5,68.0,84.5,0.0,0.18,0.18,0.0,0.01,0.01
2025-08-13 12:30:32,12.2,55.5,58.0,84.61,0.0,1.19,1.19,0.0,0.0,0.01
2025-08-13 12:30:33,9.2,55.5,35.0,84.72,0.0,0.85,0.85,0.0,0.0,0.0
2025-08-13 12:30:34,9.2,55.4,43.0,84.86,0.0,15.27,15.27,0.0,0.0,0.01
2025-08-13 12:30:35,9.8,55.4,15.0,92.11,0.0,1.35,1.35,0.0,0.0,0.01
2025-08-13 12:30:36,8.6,55.4,0.0,92.11,0.0,0.19,0.19,0.0,0.0,0.0
2025-08-13 12:30:37,7.3,55.4,0.0,92.11,0.0,0.18,0.18,0.0,0.0,0.0
2025-08-13 12:30:38,7.6,55.4,0.0,92.11,0.0,0.27,0.27,0.0,0.0,0.0
2025-08-13 12:30:39,6.4,55.2,0.0,92.11,0.0,9.24,9.24,0.0,0.0,0.01
2025-08-13 12:30:40,5.7,55.2,0.0,92.11,0.0,9.7,9.7,0.0,0.0,0.0
2025-08-13 12:30:41,5.3,55.2,0.0,92.11,0.0,0.04,0.04,0.0,0.0,0.0
2025-08-13 12:30:42,6.3,55.2,0.0,92.11,0.0,0.82,0.82,0.0,0.0,0.0
2025-08-13 12:30:43,5.9,55.2,0.0,92.11,0.0,0.83,0.83,0.0,0.0,0.0
2025-08-13 12:30:44,5.2,55.2,0.0,92.11,0.0,0.43,0.43,0.0,0.0,0.0
2025-08-13 12:30:45,5.4,55.2,0.0,92.11,0.0,16.45,16.45,0.0,0.0,0.0
2025-08-13 12:30:46,5.4,55.2,0.0,92.11,0.0,0.25,0.25,0.0,0.0,0.0
2025-08-13 12:30:47,6.0,55.2,0.0,92.11,0.0,0.12,0.12,0.0,0.0,0.0
2025-08-13 12:30:48,5.8,55.2,0.0,92.11,0.0,1.36,1.36,0.0,0.0,0.0
2025-08-13 12:30:49,8.6,55.2,0.0,92.11,0.0,0.48,0.48,0.0,0.01,0.01
2025-08-13 12:30:50,6.9,55.2,0.0,92.11,0.0,17.86,17.86,0.0,0.0,0.0
2025-08-13 12:30:51,7.3,55.2,0.0,92.11,0.0,0.06,0.06,0.0,0.0,0.0
2025-08-13 12:30:52,6.9,55.2,0.0,92.11,0.0,0.21,0.21,0.0,0.0,0.0
2025-08-13 12:30:53,8.4,55.2,0.0,92.11,0.0,0.46,0.46,0.0,0.0,0.0
2025-08-13 12:30:54,11.4,55.2,0.0,92.11,0.0,1.2,1.2,0.0,0.0,0.0
2025-08-13 12:30:55,6.7,55.2,0.0,92.11,0.0,16.27,16.27,0.0,0.0,0.01
2025-08-13 12:30:56,6.7,55.2,0.0,92.11,0.0,2.26,2.26,0.0,0.0,0.01
2025-08-13 12:30:57,6.6,55.2,0.0,92.11,0.0,7.24,7.24,0.0,0.0,0.0
2025-08-13 12:30:58,6.4,55.2,0.0,92.11,0.0,0.72,0.72,0.0,0.0,0.0
2025-08-13 12:30:59,6.6,55.2,0.0,92.11,0.0,0.35,0.35,0.0,0.0,0.0
2025-08-13 12:31:00,6.4,55.2,0.0,92.11,0.0,0.75,0.75,0.0,0.0,0.01
2025-08-13 12:31:01,6.0,55.2,0.0,92.11,0.0,15.8,15.8,0.0,0.0,0.0
2025-08-13 12:31:02,6.9,55.2,0.0,92.11,0.0,0.23,0.23,0.0,0.0,0.0
2025-08-13 12:31:03,6.9,55.2,0.0,92.11,0.0,0.36,0.36,0.0,0.0,0.0
2025-08-13 12:31:04,6.4,55.2,0.0,92.11,0.0,1.28,1.28,0.0,0.0,0.0
2025-08-13 12:31:05,6.3,55.2,0.0,92.11,0.0,0.87,0.87,0.0,0.0,0.0
2025-08-13 12:31:06,6.6,55.2,0.0,92.11,0.0,14.96,14.96,0.0,0.0,0.0
2025-08-13 12:31:07,8.0,55.2,0.0,92.11,0.0,0.06,0.06,0.0,0.0,0.0
2025-08-13 12:31:08,6.6,55.2,0.0,92.11,0.0,0.26,0.26,0.0,0.0,0.0
2025-08-13 12:31:09,8.0,55.2,0.0,92.11,0.0,1.19,1.19,0.0,0.0,0.0
2025-08-13 12:31:10,7.6,55.2,0.0,92.11,0.0,1.04,1.04,0.0,0.01,0.01
2025-08-13 12:31:11,8.5,55.3,0.0,92.11,0.0,16.17,16.17,0.0,0.01,0.01
2025-08-13 12:31:12,8.0,55.3,0.0,92.11,0.0,0.63,0.63,0.01,0.3,0.3
2025-08-13 12:31:13,9.5,55.3,0.0,92.11,0.0,0.31,0.31,0.0,0.01,0.01
2025-08-13 12:31:14,8.7,55.3,0.0,92.11,0.0,0.87,0.87,0.0,0.0,0.01
2025-08-13 12:31:15,8.7,55.3,0.0,92.11,0.0,1.47,1.47,0.0,0.0,0.0
2025-08-13 12:31:16,7.6,55.3,0.0,92.11,0.0,12.82,12.82,0.0,0.0,0.0
2025-08-13 12:31:17,9.9,55.3,100.0,92.11,0.0,3.38,3.38,0.01,0.63,0.64
2025-08-13 12:31:18,8.8,55.3,100.0,92.11,0.0,0.19,0.19,0.01,0.29,0.3
2025-08-13 12:31:19,9.8,55.3,95.0,92.11,0.0,0.37,0.37,0.0,0.0,0.01
2025-08-13 12:31:20,9.9,55.3,95.0,92.11,0.0,0.36,0.36,0.0,0.0,0.01
2025-08-13 12:31:21,8.8,55.3,96.0,92.11,0.0,2.33,2.33,0.0,0.0,0.0
2025-08-13 12:31:22,9.0,55.3,96.0,92.11,0.0,16.79,16.79,0.0,0.0,0.0
2025-08-13 12:31:23,9.3,55.3,96.0,92.11,0.0,0.42,0.42,0.0,0.0,0.0
2025-08-13 12:31:24,10.2,55.3,96.0,92.11,0.0,0.76,0.76,0.0,0.0,0.01
2025-08-13 12:31:25,7.9,55.3,96.0,92.11,0.0,0.27,0.27,0.0,0.0,0.0
2025-08-13 12:31:26,7.7,55.3,96.0,92.11,0.0,1.35,1.35,0.0,0.0,0.0
2025-08-13 12:31:27,9.3,55.3,96.0,92.11,0.0,19.31,19.31,0.0,0.0,0.0
2025-08-13 12:31:28,7.7,55.3,95.0,92.11,0.0,0.44,0.44,0.0,0.0,0.0
2025-08-13 12:31:29,8.3,55.4,95.0,92.11,0.0,0.57,0.57,0.0,0.0,0.01
2025-08-13 12:31:30,6.8,55.3,97.0,92.11,0.0,0.23,0.23,0.0,0.0,0.0
2025-08-13 12:31:31,7.5,55.3,97.0,92.11,0.0,1.68,1.68,0.0,0.0,0.0
2025-08-13 12:31:32,8.0,55.3,97.0,92.11,0.0,18.58,18.58,0.0,0.0,0.0
2025-08-13 12:31:33,7.1,55.3,96.0,92.11,0.0,0.05,0.05,0.0,0.0,0.0
2025-08-13 12:31:34,7.8,55.4,96.0,92.11,0.0,0.17,0.17,0.0,0.0,0.0
2025-08-13 12:31:35,8.5,55.4,96.0,92.11,0.0,0.27,0.27,0.0,0.0,0.0
2025-08-13 12:31:36,8.5,55.4,96.0,92.11,0.0,1.5,1.5,0.0,0.0,0.0
2025-08-13 12:31:37,8.2,55.4,96.0,92.11,0.0,11.36,11.36,0.0,0.0,0.01
2025-08-13 12:31:38,8.3,55.4,96.0,92.11,0.0,0.23,0.23,0.01,0.0,0.01
2025-08-13 12:31:39,8.2,55.4,96.0,92.11,0.0,1.04,1.04,0.0,0.0,0.01
2025-08-13 12:31:40,8.2,55.4,96.0,92.11,0.0,0.07,0.07,0.01,0.0,0.01
2025-08-13 12:31:41,7.7,55.4,96.0,92.11,0.0,1.57,1.57,0.01,0.0,0.01
2025-08-13 12:31:42,7.9,55.4,95.0,92.11,0.0,11.87,11.87,0.01,0.0,0.01
2025-08-13 12:31:43,7.7,55.4,96.0,92.11,0.0,5.43,5.43,0.01,0.0,0.01
2025-08-13 12:31:44,7.8,55.4,95.0,92.11,0.0,0.3,0.3,0.01,0.0,0.01
2025-08-13 12:31:45,8.5,55.4,96.0,92.11,0.0,0.91,0.91,0.01,0.0,0.01
2025-08-13 12:31:46,8.2,55.4,96.0,92.11,0.0,1.67,1.67,0.01,0.0,0.01
2025-08-13 12:31:47,8.5,55.4,96.0,92.11,0.0,0.04,0.04,0.01,0.0,0.01
2025-08-13 12:31:48,9.4,55.4,96.0,92.11,0.0,16.8,16.8,0.0,0.0,0.01
2025-08-13 12:31:49,8.9,55.4,97.0,92.11,0.0,0.34,0.34,0.01,0.0,0.01
2025-08-13 12:31:50,9.2,55.4,97.0,92.11,0.0,0.09,0.09,0.01,0.26,0.26
2025-08-13 12:31:51,9.5,55.4,96.0,92.11,0.0,1.84,1.84,0.0,0.0,0.01
2025-08-13 12:31:52,9.5,55.4,89.0,92.12,0.0,0.55,0.55,0.0,0.11,0.11
2025-08-13 12:31:53,8.0,55.4,96.0,92.12,0.0,15.68,15.68,0.0,0.0,0.0
2025-08-13 12:31:54,9.1,55.4,96.0,92.12,0.0,0.13,0.13,0.0,0.0,0.0
2025-08-13 12:31:55,7.8,55.4,96.0,92.12,0.0,1.16,1.16,0.0,0.0,0.0
2025-08-13 12:31:56,7.6,55.4,96.0,92.12,0.0,1.35,1.35,0.0,0.0,0.01
2025-08-13 12:31:57,8.1,55.4,96.0,92.12,0.0,1.9,1.9,0.0,0.0,0.0
2025-08-13 12:31:58,8.5,55.4,92.0,92.12,0.0,0.08,0.08,0.01,0.17,0.17
2025-08-13 12:31:59,9.7,55.4,97.0,92.12,0.0,13.27,13.27,0.0,0.0,0.0
2025-08-13 12:32:00,8.5,55.4,95.0,92.12,0.0,0.27,0.27,0.0,0.43,0.43
2025-08-13 12:32:01,7.7,55.4,95.0,92.12,0.0,1.89,1.89,0.0,0.0,0.0
2025-08-13 12:32:02,8.2,55.4,96.0,92.12,0.0,1.46,1.46,0.0,0.0,0.0
2025-08-13 12:32:03,7.2,55.4,96.0,92.12,0.0,0.4,0.4,0.0,0.0,0.01
2025-08-13 12:32:04,8.6,55.4,95.0,92.12,0.0,16.96,16.96,0.0,0.18,0.18
2025-08-13 12:32:05,9.4,55.4,95.0,92.12,0.0,0.16,0.16,0.0,0.0,0.01
2025-08-13 12:32:06,9.5,55.4,96.0,92.12,0.0,1.08,1.08,0.01,0.0,0.01
2025-08-13 12:32:07,9.0,55.4,96.0,92.12,0.0,0.4,0.4,0.0,0.0,0.0
2025-08-13 12:32:08,8.6,55.4,96.0,92.12,0.0,1.25,1.25,0.0,0.0,0.01
2025-08-13 12:32:09,7.9,55.4,96.0,92.12,0.0,17.68,17.68,0.0,0.0,0.0
2025-08-13 12:32:10,7.4,55.4,100.0,92.12,0.0,0.17,0.17,0.01,0.0,0.01
2025-08-13 12:32:11,7.3,55.4,96.0,92.12,0.0,0.63,0.63,0.0,0.0,0.0
2025-08-13 12:32:12,7.2,55.4,99.0,92.12,0.0,0.93,0.93,0.01,0.0,0.01
2025-08-13 12:32:13,8.5,55.4,95.0,92.12,0.0,0.58,0.58,0.01,0.01,0.01
2025-08-13 12:32:14,8.7,55.4,79.0,92.12,0.0,15.12,15.12,0.01,0.23,0.24
2025-08-13 12:32:15,7.9,55.4,100.0,92.12,0.0,0.13,0.13,0.0,0.16,0.17
2025-08-13 12:32:16,7.1,55.4,95.0,92.12,0.0,1.14,1.14,0.0,0.11,0.11
2025-08-13 12:32:17,8.0,55.4,96.0,92.12,0.0,1.02,1.02,0.0,0.0,0.01
2025-08-13 12:32:18,7.8,55.4,96.0,92.12,0.0,0.64,0.64,0.0,0.0,0.01
2025-08-13 12:32:19,7.6,55.4,96.0,92.12,0.0,14.04,14.04,0.0,0.0,0.0
2025-08-13 12:32:20,8.3,55.4,87.0,92.12,0.0,0.2,0.2,0.0,0.0,0.0
2025-08-13 12:32:21,7.9,55.4,99.0,92.12,0.0,1.07,1.07,0.0,0.0,0.0
2025-08-13 12:32:22,7.7,55.4,93.0,92.12,0.0,1.06,1.06,0.0,0.0,0.01
2025-08-13 12:32:23,8.3,55.4,96.0,92.12,0.0,1.07,1.07,0.0,0.0,0.01
2025-08-13 12:32:24,7.9,55.4,96.0,92.12,0.0,0.17,0.17,0.0,0.0,0.0
2025-08-13 12:32:25,7.3,55.4,96.0,92.12,0.0,16.13,16.13,0.0,0.0,0.0
2025-08-13 12:32:26,7.3,55.4,96.0,92.12,0.0,0.7,0.7,0.0,0.0,0.0
2025-08-13 12:32:27,8.1,55.4,96.0,92.12,0.0,1.35,1.35,0.0,0.0,0.01
2025-08-13 12:32:28,7.8,55.4,96.0,92.12,0.0,2.15,2.15,0.0,0.0,0.01
2025-08-13 12:32:29,7.6,55.4,96.0,92.12,0.0,0.06,0.06,0.0,0.0,0.0
2025-08-13 12:32:30,7.4,55.4,96.0,92.12,0.0,15.1,15.1,0.0,0.0,0.0
2025-08-13 12:32:31,7.1,55.4,96.0,92.12,0.0,0.63,0.63,0.01,0.0,0.01
2025-08-13 12:32:32,7.9,55.4,96.0,92.12,0.0,1.1,1.1,0.0,0.0,0.01
2025-08-13 12:32:33,7.7,55.4,97.0,92.12,0.0,0.58,0.58,0.01,0.01,0.02
2025-08-13 12:32:34,8.1,55.4,97.0,92.12,0.0,0.91,0.91,0.0,0.0,0.0
2025-08-13 12:32:35,8.5,55.4,96.0,92.12,0.0,17.52,17.52,0.01,0.01,0.01
2025-08-13 12:32:36,8.2,55.4,96.0,92.12,0.0,0.59,0.59,0.0,0.0,0.0
2025-08-13 12:32:37,9.3,55.4,96.0,92.12,0.0,0.74,0.74,0.0,0.0,0.0
2025-08-13 12:32:38,8.3,55.4,96.0,92.12,0.0,0.72,0.72,0.0,0.0,0.0
2025-08-13 12:32:39,8.1,55.4,96.0,92.12,0.0,1.3,1.3,0.0,0.0,0.01
2025-08-13 12:32:40,7.4,55.4,97.0,92.12,0.0,15.49,15.49,0.0,0.0,0.0
2025-08-13 12:32:41,8.0,55.4,66.0,92.12,0.0,0.87,0.87,0.01,0.0,0.01
2025-08-13 12:32:42,7.4,55.4,0.0,92.12,0.0,1.2,1.2,0.0,0.0,0.0
2025-08-13 12:32:43,7.1,55.4,0.0,92.12,0.0,0.57,0.57,0.0,0.0,0.0
2025-08-13 12:32:44,7.9,55.4,0.0,92.12,0.0,1.15,1.15,0.0,0.0,0.01
2025-08-13 12:32:45,7.3,55.4,0.0,92.12,0.0,16.74,16.74,0.0,0.0,0.0
2025-08-13 12:32:46,6.9,55.4,0.0,92.12,0.0,0.26,0.26,0.0,0.0,0.0
2025-08-13 12:32:47,7.5,55.4,0.0,92.12,0.0,1.91,1.91,0.0,0.0,0.0
2025-08-13 12:32:48,8.3,55.4,0.0,92.12,0.0,1.14,1.14,0.0,0.0,0.0
2025-08-13 12:32:49,8.6,55.4,0.0,92.12,0.0,0.89,0.89,0.0,0.0,0.0
2025-08-13 12:32:50,9.2,55.4,0.0,92.12,0.0,5.61,5.61,0.0,0.0,0.0
2025-08-13 12:32:51,7.9,55.4,0.0,92.12,0.0,10.03,10.03,0.0,0.0,0.0
2025-08-13 12:32:52,8.3,55.4,0.0,92.12,0.0,0.93,0.93,0.0,0.0,0.0
2025-08-13 12:32:53,9.0,55.4,0.0,92.12,0.0,1.05,1.05,0.0,0.0,0.0
2025-08-13 12:32:54,8.2,55.4,0.0,92.12,0.0,0.79,0.79,0.0,0.0,0.0
2025-08-13 12:32:56,8.0,55.4,0.0,92.12,0.0,0.7,0.7,0.0,0.0,0.0
2025-08-13 12:32:57,6.8,55.4,0.0,92.12,0.0,16.7,16.7,0.0,0.0,0.0
2025-08-13 12:32:58,7.0,55.4,0.0,92.12,0.0,1.03,1.03,0.0,0.0,0.0
2025-08-13 12:32:59,7.1,55.4,0.0,92.12,0.0,0.07,0.07,0.0,0.0,0.0
2025-08-13 12:33:00,8.3,55.4,0.0,92.12,0.0,1.72,1.72,0.0,0.0,0.0
2025-08-13 12:33:01,7.2,55.4,0.0,92.12,0.0,1.29,1.29,0.0,0.0,0.0
2025-08-13 12:33:02,7.8,55.4,0.0,92.12,0.0,13.22,13.22,0.0,0.0,0.0
2025-08-13 12:33:03,8.1,55.4,0.0,92.12,0.0,1.44,1.44,0.0,0.0,0.0
2025-08-13 12:33:04,7.0,55.4,0.0,92.12,0.0,0.07,0.07,0.0,0.0,0.0
2025-08-13 12:33:05,6.8,55.4,0.0,92.12,0.0,1.22,1.22,0.0,0.0,0.0
2025-08-13 12:33:06,7.1,55.4,0.0,92.12,0.0,0.31,0.31,0.0,0.0,0.0
2025-08-13 12:33:07,8.0,55.4,0.0,92.12,0.0,14.39,14.39,0.0,0.0,0.0
2025-08-13 12:33:08,6.8,55.4,0.0,92.12,0.0,1.0,1.0,0.0,0.0,0.0
2025-08-13 12:33:09,9.4,55.4,0.0,92.12,0.0,1.56,1.56,0.0,0.0,0.0
2025-08-13 12:33:10,7.8,55.5,0.0,92.12,0.0,0.25,0.25,0.0,0.0,0.0
2025-08-13 12:33:11,7.2,55.5,0.0,92.12,0.0,0.33,0.33,0.0,0.0,0.0
2025-08-13 12:33:12,7.1,55.5,0.0,92.12,0.0,17.52,17.52,0.0,0.0,0.0
2025-08-13 12:33:13,6.8,55.5,0.0,92.12,0.0,0.34,0.34,0.0,0.0,0.0
2025-08-13 12:33:14,7.1,55.5,0.0,92.12,0.0,1.84,1.84,0.0,0.0,0.0
2025-08-13 12:33:15,6.9,55.5,0.0,92.12,0.0,0.11,0.11,0.0,0.0,0.0
2025-08-13 12:33:16,7.1,55.5,0.0,92.12,0.0,0.31,0.31,0.0,0.0,0.0
2025-08-13 12:33:17,7.9,55.5,0.0,92.12,0.0,15.58,15.58,0.0,0.0,0.0
2025-08-13 12:33:18,7.2,55.5,0.0,92.12,0.0,1.13,1.13,0.0,0.0,0.0
2025-08-13 12:33:19,7.3,55.5,0.0,92.12,0.0,1.28,1.28,0.0,0.0,0.0
2025-08-13 12:33:20,6.8,55.5,0.0,92.12,0.0,0.61,0.61,0.0,0.0,0.0
2025-08-13 12:33:21,7.6,55.5,0.0,92.12,0.0,0.43,0.43,0.0,0.0,0.0
2025-08-13 12:33:22,7.0,55.5,0.0,92.12,0.0,14.75,14.75,0.0,0.0,0.0
2025-08-13 12:33:23,6.5,55.5,0.0,92.12,0.0,0.16,0.16,0.0,0.0,0.0
2025-08-13 12:33:24,7.6,55.5,0.0,92.12,0.0,0.96,0.96,0.0,0.0,0.0
2025-08-13 12:33:25,6.7,55.5,0.0,92.12,0.0,1.37,1.37,0.0,0.0,0.0
2025-08-13 12:33:26,6.7,55.5,0.0,92.12,0.0,0.06,0.06,0.0,0.0,0.0
2025-08-13 12:33:27,6.2,55.5,0.0,92.12,0.0,0.32,0.32,0.0,0.0,0.0
2025-08-13 12:33:28,7.1,55.5,0.0,92.12,0.0,19.0,19.0,0.0,0.0,0.01
2025-08-13 12:33:29,6.9,55.5,0.0,92.12,0.0,0.91,0.91,0.0,0.0,0.0
2025-08-13 12:33:30,6.6,55.5,0.0,92.12,0.0,2.27,2.27,0.0,0.0,0.0
2025-08-13 12:33:31,7.2,55.5,0.0,92.12,0.0,0.41,0.41,0.0,0.0,0.0
2025-08-13 12:33:32,7.0,55.5,0.0,92.12,0.0,0.61,0.61,0.0,0.0,0.0
2025-08-13 12:33:33,6.2,55.5,0.0,92.12,0.0,17.25,17.25,0.0,0.0,0.0
2025-08-13 12:33:34,6.2,55.5,0.0,92.12,0.0,1.47,1.47,0.0,0.0,0.0
2025-08-13 12:33:35,7.6,55.5,0.0,92.12,0.0,0.65,0.65,0.0,0.0,0.0
2025-08-13 12:33:36,7.3,55.5,0.0,92.12,0.0,0.09,0.09,0.0,0.0,0.0
2025-08-13 12:33:37,6.9,55.5,0.0,92.12,0.0,0.67,0.67,0.0,0.0,0.0
2025-08-13 12:33:38,8.1,55.5,0.0,92.12,0.0,0.29,0.29,0.0,0.0,0.0
2025-08-13 12:33:39,6.9,55.5,0.0,92.12,0.0,16.47,16.47,0.0,0.0,0.0
2025-08-13 12:33:40,5.6,55.5,0.0,92.12,0.0,0.06,0.06,0.0,0.0,0.0
2025-08-13 12:33:41,5.4,55.5,0.0,92.12,0.0,0.04,0.04,0.0,0.0,0.0
2025-08-13 12:33:42,5.9,55.5,0.0,92.12,0.0,1.21,1.21,0.0,0.0,0.0
2025-08-13 12:33:43,5.2,55.5,0.0,92.12,0.0,0.78,0.78,0.0,0.0,0.0
2025-08-13 12:33:44,5.5,55.5,0.0,92.12,0.0,14.68,14.68,0.0,0.0,0.0
2025-08-13 12:33:45,6.0,55.5,0.0,92.12,0.0,0.97,0.97,0.0,0.0,0.01
2025-08-13 12:33:46,5.3,55.5,0.0,92.12,0.0,0.07,0.07,0.0,0.0,0.0
2025-08-13 12:33:47,5.3,55.5,0.0,92.12,0.0,0.58,0.58,0.0,0.0,0.0
2025-08-13 12:33:48,5.4,55.5,0.0,92.12,0.0,0.57,0.57,0.0,0.0,0.0
2025-08-13 12:33:49,6.1,55.5,0.0,92.12,0.0,1.77,1.77,0.0,0.0,0.0
2025-08-13 12:33:50,5.3,55.5,0.0,92.12,0.0,16.25,16.25,0.0,0.0,0.0
2025-08-13 12:33:51,7.2,55.5,0.0,92.12,0.0,0.81,0.81,0.0,0.0,0.0
2025-08-13 12:33:52,6.7,55.5,0.0,92.12,0.0,0.08,0.08,0.0,0.0,0.0
2025-08-13 12:33:53,5.4,55.5,0.0,92.12,0.0,0.87,0.87,0.0,0.0,0.0
2025-08-13 12:33:54,6.1,55.5,0.0,92.12,0.0,1.56,1.56,0.0,0.0,0.0
2025-08-13 12:33:55,5.7,55.5,0.0,92.12,0.0,19.02,19.02,0.0,0.0,0.0
2025-08-13 12:33:56,5.4,55.5,0.0,92.12,0.0,0.76,0.76,0.0,0.0,0.0
2025-08-13 12:33:57,5.4,55.5,0.0,92.12,0.0,0.07,0.07,0.0,0.0,0.0
2025-08-13 12:33:58,5.7,55.5,0.0,92.12,0.0,0.66,0.66,0.0,0.0,0.0
2025-08-13 12:33:59,6.3,55.5,0.0,92.12,0.0,0.51,0.51,0.0,0.0,0.0
2025-08-13 12:34:00,6.3,55.5,0.0,92.12,0.0,15.85,15.85,0.0,0.0,0.0
2025-08-13 12:34:01,5.3,55.6,0.0,92.12,0.0,1.61,1.61,0.0,0.0,0.0
2025-08-13 12:34:02,5.9,55.6,0.0,92.12,0.0,0.38,0.38,0.0,0.0,0.0
2025-08-13 12:34:03,5.3,55.6,0.0,92.12,0.0,0.08,0.08,0.0,0.0,0.0
2025-08-13 12:34:04,5.5,55.5,0.0,92.12,0.0,0.62,0.62,0.0,0.0,0.0
2025-08-13 12:34:05,5.7,55.5,0.0,92.12,0.0,17.48,17.48,0.0,0.0,0.0
2025-08-13 12:34:06,6.0,55.5,0.0,92.12,0.0,0.19,0.19,0.0,0.0,0.0
2025-08-13 12:34:07,5.9,55.5,0.0,92.12,0.0,0.16,0.16,0.0,0.0,0.0
2025-08-13 12:34:08,5.5,55.6,0.0,92.12,0.0,0.03,0.03,0.0,0.0,0.0
2025-08-13 12:34:09,5.8,55.6,0.0,92.12,0.0,0.12,0.12,0.0,0.0,0.0
2025-08-13 12:34:10,5.7,55.6,0.0,92.12,0.0,2.32,2.32,0.0,0.0,0.0
2025-08-13 12:34:11,5.4,55.6,0.0,92.12,0.0,17.1,17.1,0.0,0.0,0.0
2025-08-13 12:34:12,6.0,55.6,0.0,92.12,0.0,0.09,0.09,0.0,0.0,0.0
2025-08-13 12:34:13,6.3,55.6,0.0,92.12,0.0,0.85,0.85,0.0,0.0,0.0
2025-08-13 12:34:14,5.2,55.6,0.0,92.12,0.0,0.33,0.33,0.0,0.0,0.01
2025-08-13 12:34:15,5.5,55.6,0.0,92.12,0.0,0.79,0.79,0.0,0.0,0.01
2025-08-13 12:34:16,5.2,55.6,0.0,92.12,0.0,15.46,15.46,0.0,0.0,0.0
2025-08-13 12:34:17,5.5,55.6,0.0,92.12,0.0,0.17,0.17,0.0,0.0,0.0
2025-08-13 12:34:18,5.7,55.5,0.0,92.12,0.0,1.3,1.3,0.0,0.0,0.0
2025-08-13 12:34:19,6.2,55.5,0.0,92.12,0.0,0.13,0.13,0.0,0.0,0.01
2025-08-13 12:34:20,7.6,55.5,0.0,92.12,0.0,0.87,0.87,0.0,0.0,0.0
2025-08-13 12:34:21,7.4,55.5,0.0,92.12,0.0,16.55,16.55,0.0,0.0,0.0
2025-08-13 12:34:22,6.1,55.5,0.0,92.12,0.0,0.35,0.35,0.0,0.0,0.0
2025-08-13 12:34:23,7.1,55.5,0.0,92.12,0.0,0.14,0.14,0.0,0.0,0.0
2025-08-13 12:34:24,6.7,55.5,0.0,92.12,0.0,1.14,1.14,0.0,0.0,0.0
2025-08-13 12:34:25,5.6,55.5,0.0,92.12,0.0,0.72,0.72,0.0,0.0,0.0
2025-08-13 12:34:26,6.5,55.4,0.0,92.12,0.0,0.46,0.46,0.0,0.0,0.0
2025-08-13 12:34:27,7.6,55.3,0.0,92.12,0.0,14.73,14.73,0.0,0.0,0.0
2025-08-13 12:34:28,6.9,55.0,2.0,0.86,0.0,0.05,0.05,0.0,0.0,0.0
2025-08-13 12:34:29,6.7,54.9,100.0,0.85,0.0,0.27,0.27,0.01,0.01,0.02
2025-08-13 12:34:30,6.0,54.9,100.0,0.85,0.0,1.01,1.01,0.0,0.0,0.0
2025-08-13 12:34:31,5.2,54.9,0.0,0.85,0.0,2.69,2.69,0.0,0.0,0.0
2025-08-13 12:34:32,6.0,54.9,0.0,0.85,0.0,18.37,18.37,0.0,0.0,0.0
2025-08-13 12:34:33,5.9,54.9,0.0,0.85,0.0,0.71,0.71,0.0,0.0,0.0
2025-08-13 12:34:34,7.3,54.9,0.0,0.85,0.0,0.12,0.12,0.0,0.0,0.0
2025-08-13 12:34:35,5.4,54.9,0.0,0.85,0.0,1.64,1.64,0.0,0.0,0.0
2025-08-13 12:34:36,5.8,54.9,0.0,0.85,0.0,0.08,0.08,0.0,0.0,0.0
2025-08-13 12:34:37,5.9,54.9,0.0,0.85,0.0,15.53,15.53,0.0,0.0,0.0
2025-08-13 12:34:38,6.1,54.9,0.0,0.85,0.0,1.04,1.04,0.0,0.0,0.0
2025-08-13 12:34:39,5.9,54.9,0.0,0.85,0.0,0.11,0.11,0.0,0.0,0.0
2025-08-13 12:34:40,5.9,54.9,0.0,0.85,0.0,0.81,0.81,0.0,0.0,0.0
2025-08-13 12:34:41,7.1,54.9,0.0,0.85,0.0,0.2,0.2,0.0,0.0,0.0
2025-08-13 12:34:42,5.5,54.9,0.0,0.85,0.0,19.37,19.37,0.0,0.0,0.0
2025-08-13 12:34:43,5.3,54.9,0.0,0.85,0.0,1.34,1.34,0.0,0.0,0.0
2025-08-13 12:34:44,6.0,54.9,0.0,0.85,0.0,0.61,0.61,0.0,0.0,0.0
2025-08-13 12:34:45,5.5,54.9,0.0,0.85,0.0,0.91,0.91,0.0,0.0,0.0
2025-08-13 12:34:46,5.2,54.9,0.0,0.85,0.0,0.97,0.97,0.0,0.0,0.0
2025-08-13 12:34:47,5.8,54.9,0.0,0.85,0.0,0.65,0.65,0.0,0.0,0.0
2025-08-13 12:34:48,6.0,54.9,0.0,0.85,0.0,13.9,13.9,0.0,0.0,0.0
2025-08-13 12:34:49,6.2,54.9,0.0,0.85,0.0,0.24,0.24,0.0,0.0,0.0
2025-08-13 12:34:50,4.8,54.9,0.0,0.85,0.0,0.07,0.07,0.0,0.0,0.0
2025-08-13 12:34:51,4.9,54.9,0.0,0.85,0.0,0.96,0.96,0.0,0.0,0.0
2025-08-13 12:34:52,6.0,54.9,0.0,0.85,0.0,1.19,1.19,0.01,0.0,0.01
2025-08-13 12:34:53,5.4,54.9,0.0,0.85,0.0,13.96,13.96,0.0,0.0,0.0
2025-08-13 12:34:54,6.3,54.9,0.0,0.85,0.0,1.53,1.53,0.0,0.0,0.0
2025-08-13 12:34:55,5.7,54.9,0.0,0.85,0.0,0.04,0.04,0.01,0.01,0.02
2025-08-13 12:34:56,4.6,54.9,0.0,0.85,0.0,0.94,0.94,0.01,0.01,0.02
