dag_id,run_id,task_name,task_id,sub_time,arrival_time,start_exec_time,finish_exec_time,exec_time,leave_time,completion_time,response_time,scheduler_cost_time,pred_exec_time,pred_cost_time
3cef3a44-215e-4aed-8e3b-b1e3f08063b7,1da1e9f8-0545-42e4-97f7-e141ed6e1155,task1_obtain_content,1da1e9f8-0545-42e4-97f7-e141ed6e1155-task1_obtain_content,1754958763.7851899,1754958763.7906084,1754958766.6198065,1754958766.6425767,0.022770166397094727,1754958766.6901724,2.851968288421631,2.904982566833496,4.291534423828125e-06,,
3cef3a44-215e-4aed-8e3b-b1e3f08063b7,1da1e9f8-0545-42e4-97f7-e141ed6e1155,task2_llm_process_qwen,1da1e9f8-0545-42e4-97f7-e141ed6e1155-task2_llm_process_qwen,1754958763.7851899,1754958763.7906084,1754958941.475082,1754958988.7614858,47.28640389442444,1754958988.8475044,224.97087740898132,225.06231451034546,0.00047588348388671875,15.0,0.0004608631134033203
3cef3a44-215e-4aed-8e3b-b1e3f08063b7,1da1e9f8-0545-42e4-97f7-e141ed6e1155,task3_llm_process_deepseek,1da1e9f8-0545-42e4-97f7-e141ed6e1155-task3_llm_process_deepseek,1754958763.7851899,1754958763.7906084,1754958942.0888066,1754958976.5792258,34.490419149398804,1754958976.6689694,212.78861737251282,212.88377952575684,0.0002636909484863281,15.0,0.00025773048400878906
3cef3a44-215e-4aed-8e3b-b1e3f08063b7,1da1e9f8-0545-42e4-97f7-e141ed6e1155,task4_llm_fuse_answer,1da1e9f8-0545-42e4-97f7-e141ed6e1155-task4_llm_fuse_answer,1754958763.7851899,1754958763.7906084,1754958990.0461304,1754959038.841079,48.79494857788086,1754959038.8976142,275.05047059059143,275.1124243736267,0.00025463104248046875,15.0,0.0002460479736328125
1f975693-876d-457b-a649-393859e79bf3,ed1fc2b1-3192-4f98-add9-46648a7db715,task1_speech_process,ed1fc2b1-3192-4f98-add9-46648a7db715-task1_speech_process,1754958958.649197,1754958958.651598,1754958961.4667647,1754958964.8878744,3.421109676361084,1754958965.0899806,6.236276388168335,6.440783500671387,7.3909759521484375e-06,,
1f975693-876d-457b-a649-393859e79bf3,ed1fc2b1-3192-4f98-add9-46648a7db715,task2_speech_process,ed1fc2b1-3192-4f98-add9-46648a7db715-task2_speech_process,1754958958.649197,1754958958.651598,1754958969.376043,1754959005.1753478,35.799304723739624,1754959005.5258474,46.52374982833862,46.87665033340454,0.00012636184692382812,15.0,0.00011777877807617188
1f975693-876d-457b-a649-393859e79bf3,ed1fc2b1-3192-4f98-add9-46648a7db715,task3_llm_process_qwen,ed1fc2b1-3192-4f98-add9-46648a7db715-task3_llm_process_qwen,1754958958.649197,1754958958.651598,1754959006.8703854,1754959020.6881363,13.817750930786133,1754959020.7638183,62.03653836250305,62.11462116241455,0.00017571449279785156,15.0,0.0001685619354248047
1f975693-876d-457b-a649-393859e79bf3,ed1fc2b1-3192-4f98-add9-46648a7db715,task4_llm_process_deepseek,ed1fc2b1-3192-4f98-add9-46648a7db715-task4_llm_process_deepseek,1754958958.649197,1754958958.651598,1754959007.4997294,1754959019.1546738,11.65494441986084,1754959020.8738737,60.50307583808899,62.22467660903931,0.0002186298370361328,15.0,0.00021386146545410156
1f975693-876d-457b-a649-393859e79bf3,ed1fc2b1-3192-4f98-add9-46648a7db715,task5_llm_fuse_answer,ed1fc2b1-3192-4f98-add9-46648a7db715-task5_llm_fuse_answer,1754958958.649197,1754958958.651598,1754959023.1699502,1754959039.2133286,16.043378353118896,1754959039.3040075,80.56173062324524,80.65481042861938,0.0002079010009765625,15.0,0.0002002716064453125
0bb3b44a-ede5-4db5-a520-4e844b0079c5,0c82b3af-6a2c-4cd5-a60f-c2aaba356403,task1_obtain_content,0c82b3af-6a2c-4cd5-a60f-c2aaba356403-task1_obtain_content,1754958899.3371978,1754958899.339627,1754958900.4745464,1754958900.4967787,0.0222322940826416,1754958900.541953,1.157151699066162,1.2047553062438965,4.291534423828125e-06,,
0bb3b44a-ede5-4db5-a520-4e844b0079c5,0c82b3af-6a2c-4cd5-a60f-c2aaba356403,task2_llm_process_qwen,0c82b3af-6a2c-4cd5-a60f-c2aaba356403-task2_llm_process_qwen,1754958899.3371978,1754958899.339627,1754958944.5184176,1754958991.8293865,47.31096887588501,1754958991.9036891,92.48975944519043,92.56649136543274,0.0001373291015625,15.0,0.00012969970703125
0bb3b44a-ede5-4db5-a520-4e844b0079c5,0c82b3af-6a2c-4cd5-a60f-c2aaba356403,task3_llm_process_deepseek,0c82b3af-6a2c-4cd5-a60f-c2aaba356403-task3_llm_process_deepseek,1754958899.3371978,1754958899.339627,1754958946.016926,1754958978.8849928,32.86806678771973,1754958978.977694,79.54536581039429,79.64049625396729,0.00025844573974609375,15.0,0.00025343894958496094
0bb3b44a-ede5-4db5-a520-4e844b0079c5,0c82b3af-6a2c-4cd5-a60f-c2aaba356403,task4_llm_fuse_answer,0c82b3af-6a2c-4cd5-a60f-c2aaba356403-task4_llm_fuse_answer,1754958899.3371978,1754958899.339627,1754958993.655592,1754959042.8616302,49.20603823661804,1754959042.9620652,143.52200317382812,143.62486743927002,0.0002529621124267578,15.0,0.00024509429931640625
50ad0280-0819-4bd9-b275-5de32d3b5bcb,a260e5c7-c1e4-489c-b7f6-11d435f4027b,task1_obtain_content,a260e5c7-c1e4-489c-b7f6-11d435f4027b-task1_obtain_content,1754958999.7717035,1754958999.7741618,1754959000.8807547,1754959000.9038062,0.02305150032043457,1754959000.9634397,1.1296443939208984,1.1917362213134766,4.291534423828125e-06,,
50ad0280-0819-4bd9-b275-5de32d3b5bcb,a260e5c7-c1e4-489c-b7f6-11d435f4027b,task2_llm_process_qwen,a260e5c7-c1e4-489c-b7f6-11d435f4027b-task2_llm_process_qwen,1754958999.7717035,1754958999.7741618,1754959002.781878,1754959051.5304294,48.74855136871338,1754959051.6318328,51.75626754760742,51.86012935638428,0.00012826919555664062,15.0,0.00011944770812988281
50ad0280-0819-4bd9-b275-5de32d3b5bcb,a260e5c7-c1e4-489c-b7f6-11d435f4027b,task3_llm_process_deepseek,a260e5c7-c1e4-489c-b7f6-11d435f4027b-task3_llm_process_deepseek,1754958999.7717035,1754958999.7741618,1754959002.7833512,1754959049.1987064,46.41535520553589,1754959049.2824652,49.4245445728302,49.510761737823486,0.0026237964630126953,15.0,0.002618551254272461
50ad0280-0819-4bd9-b275-5de32d3b5bcb,a260e5c7-c1e4-489c-b7f6-11d435f4027b,task4_llm_fuse_answer,a260e5c7-c1e4-489c-b7f6-11d435f4027b-task4_llm_fuse_answer,1754958999.7717035,1754958999.7741618,1754959052.9900568,1754959085.0314927,32.041435956954956,1754959085.1004422,85.25733089447021,85.32873868942261,0.00027942657470703125,15.0,0.0002694129943847656
5a0c1adf-205e-4841-a666-7c3ef95def9d,6d945e35-1c78-459d-aaed-505a94a90995,task1_obtain_content,6d945e35-1c78-459d-aaed-505a94a90995-task1_obtain_content,1754959015.0478132,1754959015.0502183,1754959016.1779363,1754959016.200034,0.02209758758544922,1754959020.8563457,1.149815559387207,5.808532476425171,4.291534423828125e-06,,
5a0c1adf-205e-4841-a666-7c3ef95def9d,6d945e35-1c78-459d-aaed-505a94a90995,task2_llm_process_qwen,6d945e35-1c78-459d-aaed-505a94a90995-task2_llm_process_qwen,1754959015.0478132,1754959015.0502183,1754959022.1335099,1754959071.3437767,49.21026682853699,1754959071.4229345,56.29355835914612,56.37512135505676,0.00014209747314453125,15.0,0.00013446807861328125
5a0c1adf-205e-4841-a666-7c3ef95def9d,6d945e35-1c78-459d-aaed-505a94a90995,task3_llm_process_deepseek,6d945e35-1c78-459d-aaed-505a94a90995-task3_llm_process_deepseek,1754959015.0478132,1754959015.0502183,1754959041.195117,1754959058.7518127,17.556695699691772,1754959058.8535516,43.70159435272217,43.80573844909668,0.000217437744140625,15.0,0.00021266937255859375
5a0c1adf-205e-4841-a666-7c3ef95def9d,6d945e35-1c78-459d-aaed-505a94a90995,task4_llm_fuse_answer,6d945e35-1c78-459d-aaed-505a94a90995-task4_llm_fuse_answer,1754959015.0478132,1754959015.0502183,1754959072.7131348,1754959117.4155238,44.70238900184631,1754959117.5114322,102.36530542373657,102.46361899375916,0.00027561187744140625,15.0,0.000263214111328125
366e2f2b-8632-4ef2-81eb-bc3877489217,3364b419-a146-4e34-b479-0bb76d1a3bcc,task1_file_process,3364b419-a146-4e34-b479-0bb76d1a3bcc-task1_file_process,1754959007.4092004,1754959007.4124823,1754959008.949055,1754959009.5273082,0.5782532691955566,1754959020.8845842,2.114825963973999,13.475383758544922,4.5299530029296875e-06,,
366e2f2b-8632-4ef2-81eb-bc3877489217,3364b419-a146-4e34-b479-0bb76d1a3bcc,task2_llm_process_qwen,3364b419-a146-4e34-b479-0bb76d1a3bcc-task2_llm_process_qwen,1754959007.4092004,1754959007.4124823,1754959040.711134,1754959076.5027125,35.79157853126526,1754959076.583241,69.09023022651672,69.17404055595398,0.00013184547424316406,15.0,0.00012612342834472656
366e2f2b-8632-4ef2-81eb-bc3877489217,3364b419-a146-4e34-b479-0bb76d1a3bcc,task3_llm_process_deepseek,3364b419-a146-4e34-b479-0bb76d1a3bcc-task3_llm_process_deepseek,1754959007.4092004,1754959007.4124823,1754959023.3248825,1754959049.3267558,26.001873254776,1754959049.4270005,41.914273500442505,42.017800092697144,8.153915405273438e-05,15.0,7.700920104980469e-05
366e2f2b-8632-4ef2-81eb-bc3877489217,3364b419-a146-4e34-b479-0bb76d1a3bcc,task4_llm_fuse_answer,3364b419-a146-4e34-b479-0bb76d1a3bcc-task4_llm_fuse_answer,1754959007.4092004,1754959007.4124823,1754959077.8402646,1754959123.2935584,45.453293800354004,1754959123.3822336,115.8810760974884,115.97303318977356,0.00028777122497558594,15.0,0.00027751922607421875
dd024dd9-8da6-4d4e-aee1-ed0d999035a9,6f0bf978-ea66-4c60-b55c-80a042048239,task1_file_process,6f0bf978-ea66-4c60-b55c-80a042048239-task1_file_process,1754959108.3391423,1754959108.3415294,1754959110.6832607,1754959110.7079232,0.024662494659423828,1754959117.6043956,2.366393804550171,9.26525330543518,4.291534423828125e-06,,
dd024dd9-8da6-4d4e-aee1-ed0d999035a9,6f0bf978-ea66-4c60-b55c-80a042048239,task2_llm_process_qwen,6f0bf978-ea66-4c60-b55c-80a042048239-task2_llm_process_qwen,1754959108.3391423,1754959108.3415294,1754959119.3930986,1754959164.6829216,45.289823055267334,1754959164.8352413,56.341392278671265,56.49609899520874,0.006232738494873047,31.192588806152344,0.006223917007446289
dd024dd9-8da6-4d4e-aee1-ed0d999035a9,6f0bf978-ea66-4c60-b55c-80a042048239,task3_llm_process_deepseek,6f0bf978-ea66-4c60-b55c-80a042048239-task3_llm_process_deepseek,1754959108.3391423,1754959108.3415294,1754959119.4501975,1754959164.3081415,44.85794401168823,1754959164.3840427,55.966612100601196,56.04490041732788,0.006212472915649414,35.76742935180664,0.00620269775390625
dd024dd9-8da6-4d4e-aee1-ed0d999035a9,6f0bf978-ea66-4c60-b55c-80a042048239,task4_llm_fuse_answer,6f0bf978-ea66-4c60-b55c-80a042048239-task4_llm_fuse_answer,1754959108.3391423,1754959108.3415294,1754959166.0934517,1754959214.2383149,48.14486312866211,1754959214.3374567,105.8967854976654,105.99831438064575,0.0002834796905517578,15.0,0.000274658203125
d62cbee6-47c7-4918-825d-3b73b1af7e85,1793e032-e73b-4b85-a185-5950061148d6,task1_obtain_content,1793e032-e73b-4b85-a185-5950061148d6-task1_obtain_content,1754959017.743184,1754959017.7458808,1754959021.9310663,1754959021.9921951,0.061128854751586914,1754959022.0599205,4.246314287185669,4.316736459732056,4.5299530029296875e-06,,
d62cbee6-47c7-4918-825d-3b73b1af7e85,1793e032-e73b-4b85-a185-5950061148d6,task2_vlm_process,1793e032-e73b-4b85-a185-5950061148d6-task2_vlm_process,1754959017.743184,1754959017.7458808,1754959192.189024,1754959219.233454,27.044430017471313,1754959219.2932117,201.48757314682007,201.55002760887146,0.00013756752014160156,15.0,0.00012969970703125
d62cbee6-47c7-4918-825d-3b73b1af7e85,1793e032-e73b-4b85-a185-5950061148d6,task3_output_final_answer,1793e032-e73b-4b85-a185-5950061148d6-task3_output_final_answer,1754959017.743184,1754959017.7458808,1754959221.0934818,1754959221.0981166,0.004634857177734375,1754959221.1950045,203.35223579406738,203.45182037353516,1.7642974853515625e-05,1.0,1.0013580322265625e-05
50ad0280-0819-4bd9-b275-5de32d3b5bcb,0ea6583d-e485-4def-8cbd-b3b8596b14ec,task1_obtain_content,0ea6583d-e485-4def-8cbd-b3b8596b14ec-task1_obtain_content,1754959149.737193,1754959149.7396321,1754959151.5328758,1754959151.5543473,0.021471500396728516,1754959152.2260158,1.8147151470184326,2.4888226985931396,4.5299530029296875e-06,,
50ad0280-0819-4bd9-b275-5de32d3b5bcb,0ea6583d-e485-4def-8cbd-b3b8596b14ec,task2_llm_process_qwen,0ea6583d-e485-4def-8cbd-b3b8596b14ec-task2_llm_process_qwen,1754959149.737193,1754959149.7396321,1754959153.5007687,1754959201.0043037,47.50353503227234,1754959201.1286361,51.26467156410217,51.3914430141449,0.03306078910827637,31.192588806152344,0.033049821853637695
50ad0280-0819-4bd9-b275-5de32d3b5bcb,0ea6583d-e485-4def-8cbd-b3b8596b14ec,task3_llm_process_deepseek,0ea6583d-e485-4def-8cbd-b3b8596b14ec-task3_llm_process_deepseek,1754959149.737193,1754959149.7396321,1754959159.13449,1754959203.970368,44.835877895355225,1754959204.0645523,54.230735778808594,54.327359199523926,0.041142940521240234,35.76742935180664,0.04112863540649414
50ad0280-0819-4bd9-b275-5de32d3b5bcb,0ea6583d-e485-4def-8cbd-b3b8596b14ec,task4_llm_fuse_answer,0ea6583d-e485-4def-8cbd-b3b8596b14ec-task4_llm_fuse_answer,1754959149.737193,1754959149.7396321,1754959205.8606544,1754959235.7379167,29.877262353897095,1754959235.832379,85.99828457832336,86.09518599510193,0.0002617835998535156,15.0,0.0002532005310058594
50ad0280-0819-4bd9-b275-5de32d3b5bcb,8c8ad699-d81e-490b-a992-328518769ed7,task1_obtain_content,8c8ad699-d81e-490b-a992-328518769ed7-task1_obtain_content,1754959205.1971884,1754959205.1995604,1754959207.009311,1754959207.0311496,0.021838665008544922,1754959214.429426,1.8315892219543457,9.232237577438354,5.245208740234375e-06,,
50ad0280-0819-4bd9-b275-5de32d3b5bcb,8c8ad699-d81e-490b-a992-328518769ed7,task2_llm_process_qwen,8c8ad699-d81e-490b-a992-328518769ed7-task2_llm_process_qwen,1754959205.1971884,1754959205.1995604,1754959216.2954202,1754959263.5428545,47.24743437767029,1754959263.6376529,58.34329414367676,58.44046449661255,0.0018503665924072266,31.192588806152344,0.0018405914306640625
50ad0280-0819-4bd9-b275-5de32d3b5bcb,8c8ad699-d81e-490b-a992-328518769ed7,task3_llm_process_deepseek,8c8ad699-d81e-490b-a992-328518769ed7-task3_llm_process_deepseek,1754959205.1971884,1754959205.1995604,1754959216.2595117,1754959262.315514,46.056002378463745,1754959262.3952744,57.11595368385315,57.19808602333069,0.0034024715423583984,35.76742935180664,0.0033931732177734375
50ad0280-0819-4bd9-b275-5de32d3b5bcb,8c8ad699-d81e-490b-a992-328518769ed7,task4_llm_fuse_answer,8c8ad699-d81e-490b-a992-328518769ed7-task4_llm_fuse_answer,1754959205.1971884,1754959205.1995604,1754959264.8596554,1754959313.406185,48.54652953147888,1754959313.4801612,108.20662450790405,108.28297281265259,0.0002682209014892578,15.0,0.0002601146697998047
07ed8ebc-535a-4c2f-9677-3e434a08f7fd,db07efd7-7808-43ff-9a25-64e37e074dc2,task1_obtain_content,db07efd7-7808-43ff-9a25-64e37e074dc2-task1_obtain_content,1754959206.1341636,1754959206.136547,1754959215.5819602,1754959215.6046083,0.022648096084594727,1754959215.6826684,9.468061208724976,9.548504829406738,4.76837158203125e-06,,
07ed8ebc-535a-4c2f-9677-3e434a08f7fd,db07efd7-7808-43ff-9a25-64e37e074dc2,task2_llm_process_qwen,db07efd7-7808-43ff-9a25-64e37e074dc2-task2_llm_process_qwen,1754959206.1341636,1754959206.136547,1754959217.4791527,1754959264.6492903,47.17013764381409,1754959264.7406976,58.5127432346344,58.606534004211426,0.0019915103912353516,31.192588806152344,0.0019822120666503906
07ed8ebc-535a-4c2f-9677-3e434a08f7fd,db07efd7-7808-43ff-9a25-64e37e074dc2,task3_llm_process_deepseek,db07efd7-7808-43ff-9a25-64e37e074dc2-task3_llm_process_deepseek,1754959206.1341636,1754959206.136547,1754959220.5381093,1754959266.645231,46.10712170600891,1754959266.749339,60.508683919906616,60.61517548561096,0.016703128814697266,35.76742935180664,0.016695261001586914
07ed8ebc-535a-4c2f-9677-3e434a08f7fd,db07efd7-7808-43ff-9a25-64e37e074dc2,task4_llm_fuse_answer,db07efd7-7808-43ff-9a25-64e37e074dc2-task4_llm_fuse_answer,1754959206.1341636,1754959206.136547,1754959268.5585084,1754959316.5600476,48.00153923034668,1754959316.6224446,110.42350053787231,110.48828101158142,0.00028967857360839844,15.0,0.00028133392333984375
50ad0280-0819-4bd9-b275-5de32d3b5bcb,f1415c35-a196-4bb0-922b-05b6dcb918b5,task1_obtain_content,f1415c35-a196-4bb0-922b-05b6dcb918b5-task1_obtain_content,1754959363.8931787,1754959363.8955805,1754959365.1277993,1754959365.150719,0.022919654846191406,1754959365.2006686,1.2551383972167969,1.3074898719787598,4.291534423828125e-06,,
50ad0280-0819-4bd9-b275-5de32d3b5bcb,f1415c35-a196-4bb0-922b-05b6dcb918b5,task2_llm_process_qwen,f1415c35-a196-4bb0-922b-05b6dcb918b5-task2_llm_process_qwen,1754959363.8931787,1754959363.8955805,1754959367.0141377,1754959411.5012393,44.487101554870605,1754959411.5866156,47.605658769607544,47.69343686103821,0.00213623046875,34.87767028808594,0.0021250247955322266
50ad0280-0819-4bd9-b275-5de32d3b5bcb,f1415c35-a196-4bb0-922b-05b6dcb918b5,task3_llm_process_deepseek,f1415c35-a196-4bb0-922b-05b6dcb918b5-task3_llm_process_deepseek,1754959363.8931787,1754959363.8955805,1754959367.0141451,1754959411.5233302,44.50918507575989,1754959411.6036339,47.62774968147278,47.71045517921448,0.017240524291992188,39.452510833740234,0.017231225967407227
50ad0280-0819-4bd9-b275-5de32d3b5bcb,f1415c35-a196-4bb0-922b-05b6dcb918b5,task4_llm_fuse_answer,f1415c35-a196-4bb0-922b-05b6dcb918b5-task4_llm_fuse_answer,1754959363.8931787,1754959363.8955805,1754959412.8803146,1754959441.2982318,28.417917251586914,1754959441.3542979,77.40265130996704,77.46111917495728,0.0019659996032714844,42.91053009033203,0.001955270767211914
d62cbee6-47c7-4918-825d-3b73b1af7e85,e5a42c36-ad5a-44b7-9dac-0888cb2875ef,task1_obtain_content,e5a42c36-ad5a-44b7-9dac-0888cb2875ef-task1_obtain_content,1754959473.2738764,1754959473.2762516,1754959479.2427719,1754959479.3014789,0.05870699882507324,1754959479.3667817,6.025227308273315,6.092905282974243,5.0067901611328125e-06,,
d62cbee6-47c7-4918-825d-3b73b1af7e85,e5a42c36-ad5a-44b7-9dac-0888cb2875ef,task2_vlm_process,e5a42c36-ad5a-44b7-9dac-0888cb2875ef-task2_vlm_process,1754959473.2738764,1754959473.2762516,1754959481.1528327,1754959507.0056689,25.85283613204956,1754959507.130152,33.72941732406616,33.85627555847168,0.00013399124145507812,15.0,0.00012612342834472656
d62cbee6-47c7-4918-825d-3b73b1af7e85,e5a42c36-ad5a-44b7-9dac-0888cb2875ef,task3_output_final_answer,e5a42c36-ad5a-44b7-9dac-0888cb2875ef-task3_output_final_answer,1754959473.2738764,1754959473.2762516,1754959508.3450243,1754959508.350353,0.005328655242919922,1754959508.4353666,35.07410144805908,35.16149020195007,1.9311904907226562e-05,1.0,1.049041748046875e-05
9ca9bc20-1a0b-4076-9937-7724e3491cf8,630d2122-5e34-4cc7-98fa-2e0aa9d2eab0,task1_obtain_content,630d2122-5e34-4cc7-98fa-2e0aa9d2eab0-task1_obtain_content,1754959464.1491916,1754959464.1515203,1754959466.0464535,1754959466.1227894,0.07633590698242188,1754959478.0634806,1.971269130706787,13.914288997650146,5.9604644775390625e-06,,
9ca9bc20-1a0b-4076-9937-7724e3491cf8,630d2122-5e34-4cc7-98fa-2e0aa9d2eab0,task2_vlm_process,630d2122-5e34-4cc7-98fa-2e0aa9d2eab0-task2_vlm_process,1754959464.1491916,1754959464.1515203,1754959479.8736532,1754959510.7122104,30.838557243347168,1754959510.8373885,46.56069016456604,46.688196897506714,0.00014472007751464844,15.0,0.00013685226440429688
9ca9bc20-1a0b-4076-9937-7724e3491cf8,630d2122-5e34-4cc7-98fa-2e0aa9d2eab0,task3_output_final_answer,630d2122-5e34-4cc7-98fa-2e0aa9d2eab0-task3_output_final_answer,1754959464.1491916,1754959464.1515203,1754959512.6453545,1754959512.6504638,0.005109310150146484,1754959512.7339268,48.498943567276,48.58473515510559,1.8358230590820312e-05,1.0,1.0013580322265625e-05
df6561b2-7ee5-4540-baab-5095f742716a,444a06dd-d17e-40db-b6b8-85b6148dfcc2,task1_obtain_content,444a06dd-d17e-40db-b6b8-85b6148dfcc2-task1_obtain_content,1754959455.1112916,1754959455.1137636,1754959456.9093237,1754959456.9578948,0.048571109771728516,1754959458.173802,1.8441312313079834,3.0625102519989014,4.5299530029296875e-06,,
df6561b2-7ee5-4540-baab-5095f742716a,444a06dd-d17e-40db-b6b8-85b6148dfcc2,task2_vlm_process,444a06dd-d17e-40db-b6b8-85b6148dfcc2-task2_vlm_process,1754959455.1112916,1754959455.1137636,1754959459.9648252,1754959506.4417875,46.47696232795715,1754959506.5271928,51.32802391052246,51.41590118408203,0.00014638900756835938,15.0,0.00013828277587890625
df6561b2-7ee5-4540-baab-5095f742716a,444a06dd-d17e-40db-b6b8-85b6148dfcc2,task3_output_final_answer,444a06dd-d17e-40db-b6b8-85b6148dfcc2-task3_output_final_answer,1754959455.1112916,1754959455.1137636,1754959508.3187704,1754959508.3234503,0.00467991828918457,1754959508.4247544,53.20968675613403,53.31346273422241,1.811981201171875e-05,1.0,1.049041748046875e-05
3cef3a44-215e-4aed-8e3b-b1e3f08063b7,602be6db-6d1c-4355-b90f-365b2cfe8525,task1_obtain_content,602be6db-6d1c-4355-b90f-365b2cfe8525-task1_obtain_content,1754959444.3610942,1754959444.3635,1754959446.3180027,1754959446.341428,0.02342534065246582,1754959446.3992014,1.9779279232025146,2.03810715675354,4.76837158203125e-06,,
3cef3a44-215e-4aed-8e3b-b1e3f08063b7,602be6db-6d1c-4355-b90f-365b2cfe8525,task2_llm_process_qwen,602be6db-6d1c-4355-b90f-365b2cfe8525-task2_llm_process_qwen,1754959444.3610942,1754959444.3635,1754959448.3327744,1754959493.067066,44.734291553497314,1754959493.15057,48.70356583595276,48.78947567939758,0.0020630359649658203,37.464027404785156,0.0020520687103271484
3cef3a44-215e-4aed-8e3b-b1e3f08063b7,602be6db-6d1c-4355-b90f-365b2cfe8525,task3_llm_process_deepseek,602be6db-6d1c-4355-b90f-365b2cfe8525-task3_llm_process_deepseek,1754959444.3610942,1754959444.3635,1754959448.3557034,1754959477.9086835,29.552980184555054,1754959477.970992,33.545183420181274,33.60989785194397,0.009586572647094727,42.03886795043945,0.009575366973876953
3cef3a44-215e-4aed-8e3b-b1e3f08063b7,602be6db-6d1c-4355-b90f-365b2cfe8525,task4_llm_fuse_answer,602be6db-6d1c-4355-b90f-365b2cfe8525-task4_llm_fuse_answer,1754959444.3610942,1754959444.3635,1754959494.9242792,1754959519.5201461,24.595866918563843,1754959519.6030743,75.15664601325989,75.24198007583618,0.0018839836120605469,45.58583068847656,0.0018737316131591797
1f975693-876d-457b-a649-393859e79bf3,510f63bd-308c-4d36-8362-8c458246f71e,task1_speech_process,510f63bd-308c-4d36-8362-8c458246f71e-task1_speech_process,1754959489.613194,1754959489.615615,1754959490.8364382,1754959494.3190258,3.4825875759124756,1754959494.4970133,4.703410863876343,4.883819341659546,5.0067901611328125e-06,,
1f975693-876d-457b-a649-393859e79bf3,510f63bd-308c-4d36-8362-8c458246f71e,task2_speech_process,510f63bd-308c-4d36-8362-8c458246f71e-task2_speech_process,1754959489.613194,1754959489.615615,1754959498.7628777,1754959535.1615222,36.39864444732666,1754959535.5844693,45.54590725898743,45.971275329589844,0.00012540817260742188,15.0,0.00011706352233886719
1f975693-876d-457b-a649-393859e79bf3,510f63bd-308c-4d36-8362-8c458246f71e,task3_llm_process_qwen,510f63bd-308c-4d36-8362-8c458246f71e-task3_llm_process_qwen,1754959489.613194,1754959489.615615,1754959536.9821541,1754959545.4938977,8.511743545532227,1754959545.6088612,55.87828278541565,55.99566721916199,0.0019414424896240234,37.464027404785156,0.0019316673278808594
1f975693-876d-457b-a649-393859e79bf3,510f63bd-308c-4d36-8362-8c458246f71e,task4_llm_process_deepseek,510f63bd-308c-4d36-8362-8c458246f71e-task4_llm_process_deepseek,1754959489.613194,1754959489.615615,1754959537.5477345,1754959555.4323704,17.88463592529297,1754959555.5365617,65.81675553321838,65.92336773872375,0.011879920959472656,42.03886795043945,0.011870145797729492
1f975693-876d-457b-a649-393859e79bf3,510f63bd-308c-4d36-8362-8c458246f71e,task5_llm_fuse_answer,510f63bd-308c-4d36-8362-8c458246f71e-task5_llm_fuse_answer,1754959489.613194,1754959489.615615,1754959557.3356102,1754959575.1838994,17.848289251327515,1754959575.278822,85.56828451156616,85.66562795639038,0.00024962425231933594,15.0,0.00024056434631347656
1f975693-876d-457b-a649-393859e79bf3,0fa94b36-c4c3-4827-9ba7-80b32951f65d,task1_speech_process,0fa94b36-c4c3-4827-9ba7-80b32951f65d-task1_speech_process,1754959523.121747,1754959523.1241398,1754959524.9166625,1754959528.324148,3.4074854850769043,1754959528.513455,5.200008153915405,5.391707897186279,4.76837158203125e-06,,
1f975693-876d-457b-a649-393859e79bf3,0fa94b36-c4c3-4827-9ba7-80b32951f65d,task2_speech_process,0fa94b36-c4c3-4827-9ba7-80b32951f65d-task2_speech_process,1754959523.121747,1754959523.1241398,1754959532.709631,1754959562.7154098,30.005778789520264,1754959563.0508368,39.591269969940186,39.92908978462219,0.00011563301086425781,15.0,0.00010728836059570312
1f975693-876d-457b-a649-393859e79bf3,0fa94b36-c4c3-4827-9ba7-80b32951f65d,task3_llm_process_qwen,0fa94b36-c4c3-4827-9ba7-80b32951f65d-task3_llm_process_qwen,1754959523.121747,1754959523.1241398,1754959564.8419623,1754959575.7936807,10.9517183303833,1754959575.8805685,52.669540882110596,52.75882148742676,0.0017490386962890625,37.464027404785156,0.001739501953125
1f975693-876d-457b-a649-393859e79bf3,0fa94b36-c4c3-4827-9ba7-80b32951f65d,task4_llm_process_deepseek,0fa94b36-c4c3-4827-9ba7-80b32951f65d-task4_llm_process_deepseek,1754959523.121747,1754959523.1241398,1754959564.846566,1754959580.5691214,15.72255539894104,1754959580.6676993,57.44498157501221,57.54595232009888,0.016269922256469727,42.03886795043945,0.016261816024780273
1f975693-876d-457b-a649-393859e79bf3,0fa94b36-c4c3-4827-9ba7-80b32951f65d,task5_llm_fuse_answer,0fa94b36-c4c3-4827-9ba7-80b32951f65d-task5_llm_fuse_answer,1754959523.121747,1754959523.1241398,1754959582.4885442,1754959594.6495023,12.160958051681519,1754959594.721614,71.52536249160767,71.59986686706543,0.0002796649932861328,15.0,0.000270843505859375
df6561b2-7ee5-4540-baab-5095f742716a,b4924c4c-275f-4610-bbf5-aa094021000c,task1_obtain_content,b4924c4c-275f-4610-bbf5-aa094021000c-task1_obtain_content,1754959548.594402,1754959548.596865,1754959550.4480574,1754959550.4972043,0.04914689064025879,1754959553.4705555,1.9003393650054932,4.876153469085693,4.5299530029296875e-06,,
df6561b2-7ee5-4540-baab-5095f742716a,b4924c4c-275f-4610-bbf5-aa094021000c,task2_vlm_process,b4924c4c-275f-4610-bbf5-aa094021000c-task2_vlm_process,1754959548.594402,1754959548.596865,1754959554.8837974,1754959599.7161818,44.83238434791565,1754959599.7793748,51.119316816329956,51.18497276306152,0.0001347064971923828,15.0,0.00012683868408203125
df6561b2-7ee5-4540-baab-5095f742716a,b4924c4c-275f-4610-bbf5-aa094021000c,task3_output_final_answer,b4924c4c-275f-4610-bbf5-aa094021000c-task3_output_final_answer,1754959548.594402,1754959548.596865,1754959601.0479796,1754959601.0522838,0.004304170608520508,1754959601.1253421,52.455418825149536,52.53094005584717,1.7642974853515625e-05,1.0,9.775161743164062e-06
65afbc8a-89ca-4ad5-8d62-355bb401f61d,3cae7974-5c45-468c-83ce-a779939080fe,task1_file_process,3cae7974-5c45-468c-83ce-a779939080fe-task1_file_process,1754959564.0853229,1754959564.0878084,1754959566.3245192,1754959566.655578,0.3310587406158447,1754959570.359734,2.5677695274353027,6.274411201477051,4.76837158203125e-06,,
65afbc8a-89ca-4ad5-8d62-355bb401f61d,3cae7974-5c45-468c-83ce-a779939080fe,task2_llm_process_qwen,3cae7974-5c45-468c-83ce-a779939080fe-task2_llm_process_qwen,1754959564.0853229,1754959564.0878084,1754959572.2112372,1754959618.1169705,45.90573334693909,1754959618.2223642,54.02916216850281,54.137041330337524,0.056058645248413086,33.154075622558594,0.056046485900878906
65afbc8a-89ca-4ad5-8d62-355bb401f61d,3cae7974-5c45-468c-83ce-a779939080fe,task3_llm_process_deepseek,3cae7974-5c45-468c-83ce-a779939080fe-task3_llm_process_deepseek,1754959564.0853229,1754959564.0878084,1754959576.5461056,1754959621.9469004,45.40079474449158,1754959622.0415561,57.859091997146606,57.95623326301575,0.044040679931640625,37.72890853881836,0.044025421142578125
65afbc8a-89ca-4ad5-8d62-355bb401f61d,3cae7974-5c45-468c-83ce-a779939080fe,task4_llm_fuse_answer,3cae7974-5c45-468c-83ce-a779939080fe-task4_llm_fuse_answer,1754959564.0853229,1754959564.0878084,1754959623.3669043,1754959672.8116357,49.44473147392273,1754959672.9029834,108.72382736206055,108.81766057014465,0.0021064281463623047,43.22723388671875,0.0020961761474609375
5bbf523f-b902-4d7d-8e8d-212d00018733,7ecc0e21-6054-4746-a5e5-000cbf428dd1,task1_speech_process,7ecc0e21-6054-4746-a5e5-000cbf428dd1-task1_speech_process,1754959606.7131867,1754959606.7156086,1754959608.5639884,1754959613.3303852,4.766396760940552,1754959613.8533082,6.614776611328125,7.1401214599609375,5.0067901611328125e-06,,
5bbf523f-b902-4d7d-8e8d-212d00018733,7ecc0e21-6054-4746-a5e5-000cbf428dd1,task2_speech_process,7ecc0e21-6054-4746-a5e5-000cbf428dd1-task2_speech_process,1754959606.7131867,1754959606.7156086,1754959617.6118977,1754959630.2187338,12.606836080551147,1754959630.5022993,23.503125190734863,23.78911256790161,0.0001385211944580078,15.0,0.00012946128845214844
5bbf523f-b902-4d7d-8e8d-212d00018733,7ecc0e21-6054-4746-a5e5-000cbf428dd1,task3_llm_process_qwen,7ecc0e21-6054-4746-a5e5-000cbf428dd1-task3_llm_process_qwen,1754959606.7131867,1754959606.7156086,1754959631.8274088,1754959654.7244482,22.89703941345215,1754959654.8064835,48.00883960723877,48.09329676628113,0.032729387283325195,40.289894104003906,0.03271961212158203
5bbf523f-b902-4d7d-8e8d-212d00018733,7ecc0e21-6054-4746-a5e5-000cbf428dd1,task4_llm_process_deepseek,7ecc0e21-6054-4746-a5e5-000cbf428dd1-task4_llm_process_deepseek,1754959606.7131867,1754959606.7156086,1754959632.7380779,1754959650.3020627,17.563984870910645,1754959650.394682,43.58645415306091,43.68149518966675,0.03800082206726074,44.96149826049805,0.03798961639404297
5bbf523f-b902-4d7d-8e8d-212d00018733,7ecc0e21-6054-4746-a5e5-000cbf428dd1,task5_llm_fuse_answer,7ecc0e21-6054-4746-a5e5-000cbf428dd1-task5_llm_fuse_answer,1754959606.7131867,1754959606.7156086,1754959656.0725338,1754959676.878288,20.8057541847229,1754959676.9556885,70.16267943382263,70.24250173568726,0.0002300739288330078,15.0,0.00022125244140625
c134398d-e1eb-4dab-97a1-6d9f715e53d0,f6414de6-1605-47a2-b808-a22bb54e069a,task1_obtain_content,f6414de6-1605-47a2-b808-a22bb54e069a-task1_obtain_content,1754959613.4784067,1754959613.4808538,1754959615.3735754,1754959615.3965085,0.022933006286621094,1754959615.5074716,1.9156546592712402,2.029064893722534,5.9604644775390625e-06,,
c134398d-e1eb-4dab-97a1-6d9f715e53d0,f6414de6-1605-47a2-b808-a22bb54e069a,task2_llm_process_qwen,f6414de6-1605-47a2-b808-a22bb54e069a-task2_llm_process_qwen,1754959613.4784067,1754959613.4808538,1754959617.4040813,1754959665.74474,48.34065866470337,1754959665.8271353,52.26388621330261,52.3487286567688,0.002044200897216797,37.464027404785156,0.0020351409912109375
c134398d-e1eb-4dab-97a1-6d9f715e53d0,f6414de6-1605-47a2-b808-a22bb54e069a,task3_llm_process_deepseek,f6414de6-1605-47a2-b808-a22bb54e069a-task3_llm_process_deepseek,1754959613.4784067,1754959613.4808538,1754959617.357968,1754959663.7325084,46.37454032897949,1754959663.822295,50.251654624938965,50.34388828277588,0.0339655876159668,42.03886795043945,0.03395366668701172
c134398d-e1eb-4dab-97a1-6d9f715e53d0,f6414de6-1605-47a2-b808-a22bb54e069a,task4_llm_fuse_answer,f6414de6-1605-47a2-b808-a22bb54e069a-task4_llm_fuse_answer,1754959613.4784067,1754959613.4808538,1754959667.6348522,1754959716.820271,49.18541884422302,1754959716.879476,103.33941721916199,103.4010694026947,0.007370710372924805,44.39207077026367,0.007360935211181641
cca70ce6-1952-45d2-acd4-80c903b0bc49,4aacfc54-88cc-413b-a7a9-0cddcf2e3d65,task1_obtain_content,4aacfc54-88cc-413b-a7a9-0cddcf2e3d65-task1_obtain_content,1754959677.0211904,1754959677.0235898,1754959678.956868,1754959679.039798,0.08293008804321289,1754959684.957815,2.0162081718444824,7.936624526977539,4.76837158203125e-06,,
cca70ce6-1952-45d2-acd4-80c903b0bc49,4aacfc54-88cc-413b-a7a9-0cddcf2e3d65,task2_vlm_process,4aacfc54-88cc-413b-a7a9-0cddcf2e3d65-task2_vlm_process,1754959677.0211904,1754959677.0235898,1754959686.2284873,1754959717.7293746,31.500887393951416,1754959717.832392,40.70578479766846,40.81120157241821,0.0001430511474609375,15.0,0.0001354217529296875
cca70ce6-1952-45d2-acd4-80c903b0bc49,4aacfc54-88cc-413b-a7a9-0cddcf2e3d65,task3_output_final_answer,4aacfc54-88cc-413b-a7a9-0cddcf2e3d65-task3_output_final_answer,1754959677.0211904,1754959677.0235898,1754959719.0674412,1754959719.071893,0.004451751708984375,1754959719.125091,42.04830312728882,42.10390067100525,1.6689300537109375e-05,1.0,9.059906005859375e-06
3cef3a44-215e-4aed-8e3b-b1e3f08063b7,27bd4a38-ba8d-4efe-9171-057bc404da90,task1_obtain_content,27bd4a38-ba8d-4efe-9171-057bc404da90-task1_obtain_content,1754959629.0419612,1754959629.0444221,1754959630.8331907,1754959630.8558335,0.022642850875854492,1754959630.9463317,1.8114113807678223,1.9043705463409424,5.0067901611328125e-06,,
3cef3a44-215e-4aed-8e3b-b1e3f08063b7,27bd4a38-ba8d-4efe-9171-057bc404da90,task2_llm_process_qwen,27bd4a38-ba8d-4efe-9171-057bc404da90-task2_llm_process_qwen,1754959629.0419612,1754959629.0444221,1754959648.7218406,1754959697.727538,49.00569748878479,1754959697.7891064,68.68311595916748,68.74714517593384,0.038728952407836914,37.40867233276367,0.03871583938598633
3cef3a44-215e-4aed-8e3b-b1e3f08063b7,27bd4a38-ba8d-4efe-9171-057bc404da90,task3_llm_process_deepseek,27bd4a38-ba8d-4efe-9171-057bc404da90-task3_llm_process_deepseek,1754959629.0419612,1754959629.0444221,1754959635.0477757,1754959666.0021856,30.95440983772278,1754959666.0776274,36.95776343345642,37.0356662273407,0.03500723838806152,41.98351287841797,0.034882545471191406
3cef3a44-215e-4aed-8e3b-b1e3f08063b7,27bd4a38-ba8d-4efe-9171-057bc404da90,task4_llm_fuse_answer,27bd4a38-ba8d-4efe-9171-057bc404da90-task4_llm_fuse_answer,1754959629.0419612,1754959629.0444221,1754959699.0496006,1754959719.5222113,20.47261071205139,1754959719.5848086,90.47778916358948,90.54284739494324,0.029511213302612305,45.84307098388672,0.029501676559448242
1f975693-876d-457b-a649-393859e79bf3,ab91e5e1-b73d-4354-b4b8-b9babd382938,task1_speech_process,ab91e5e1-b73d-4354-b4b8-b9babd382938-task1_speech_process,1754959649.5949085,1754959649.5973287,1754959650.8897705,1754959654.3274095,3.437638998031616,1754959654.5463724,4.730080842971802,4.951463937759399,4.5299530029296875e-06,,
1f975693-876d-457b-a649-393859e79bf3,ab91e5e1-b73d-4354-b4b8-b9babd382938,task2_speech_process,ab91e5e1-b73d-4354-b4b8-b9babd382938-task2_speech_process,1754959649.5949085,1754959649.5973287,1754959658.8577902,1754959694.8819304,36.02414011955261,1754959695.2849376,45.28460168838501,45.69002914428711,0.00011348724365234375,15.0,0.00010538101196289062
1f975693-876d-457b-a649-393859e79bf3,ab91e5e1-b73d-4354-b4b8-b9babd382938,task3_llm_process_qwen,ab91e5e1-b73d-4354-b4b8-b9babd382938-task3_llm_process_qwen,1754959649.5949085,1754959649.5973287,1754959696.6612267,1754959707.2821562,10.620929479598999,1754959707.359324,57.68482756614685,57.76441550254822,0.001783609390258789,37.40867233276367,0.001773834228515625
1f975693-876d-457b-a649-393859e79bf3,ab91e5e1-b73d-4354-b4b8-b9babd382938,task4_llm_process_deepseek,ab91e5e1-b73d-4354-b4b8-b9babd382938-task4_llm_process_deepseek,1754959649.5949085,1754959649.5973287,1754959697.2222068,1754959711.2653182,14.043111324310303,1754959711.3657043,61.66798949241638,61.770795822143555,0.01745295524597168,41.98351287841797,0.017444610595703125
1f975693-876d-457b-a649-393859e79bf3,ab91e5e1-b73d-4354-b4b8-b9babd382938,task5_llm_fuse_answer,ab91e5e1-b73d-4354-b4b8-b9babd382938-task5_llm_fuse_answer,1754959649.5949085,1754959649.5973287,1754959712.629025,1754959726.6611092,14.032084226608276,1754959726.7312174,77.06378054618835,77.13630890846252,0.00026226043701171875,15.0,0.0002541542053222656
6f7d28c6-6a8c-44b2-8ea9-0988c1096a2a,e74c0859-b68d-4f79-ad42-f805c50987d0,task1_obtain_content,e74c0859-b68d-4f79-ad42-f805c50987d0-task1_obtain_content,1754959756.329181,1754959756.3310204,1754959758.119378,1754959758.141195,0.02181696891784668,1754959758.2026799,1.8101747035980225,1.8734989166259766,4.5299530029296875e-06,,
6f7d28c6-6a8c-44b2-8ea9-0988c1096a2a,e74c0859-b68d-4f79-ad42-f805c50987d0,task2_llm_process_qwen,e74c0859-b68d-4f79-ad42-f805c50987d0-task2_llm_process_qwen,1754959756.329181,1754959756.3310204,1754959760.120357,1754959792.5235512,32.403194189071655,1754959792.645615,36.19253087043762,36.316434144973755,0.028656482696533203,40.289894104003906,0.028644561767578125
6f7d28c6-6a8c-44b2-8ea9-0988c1096a2a,e74c0859-b68d-4f79-ad42-f805c50987d0,task3_llm_process_deepseek,e74c0859-b68d-4f79-ad42-f805c50987d0-task3_llm_process_deepseek,1754959756.329181,1754959756.3310204,1754959768.6821208,1754959784.606285,15.924164295196533,1754959784.6703904,28.275264739990234,28.341209411621094,0.03537344932556152,44.96149826049805,0.03536081314086914
6f7d28c6-6a8c-44b2-8ea9-0988c1096a2a,e74c0859-b68d-4f79-ad42-f805c50987d0,task4_llm_fuse_answer,e74c0859-b68d-4f79-ad42-f805c50987d0-task4_llm_fuse_answer,1754959756.329181,1754959756.3310204,1754959793.9170911,1754959813.5681038,19.651012659072876,1754959813.6801984,57.237083435058594,57.351017475128174,0.0020279884338378906,44.39207077026367,0.0020182132720947266
99b5ea36-0310-49c4-85d8-9ae83a96029a,a25cf3f9-e33d-4364-a292-4b0cda68c64f,task1_speech_process,a25cf3f9-e33d-4364-a292-4b0cda68c64f-task1_speech_process,1754959746.2972224,1754959746.3000069,1754959747.6459565,1754959751.0201974,3.3742408752441406,1754959751.1867588,4.720190525054932,4.889536380767822,5.0067901611328125e-06,,
99b5ea36-0310-49c4-85d8-9ae83a96029a,a25cf3f9-e33d-4364-a292-4b0cda68c64f,task2_speech_process,a25cf3f9-e33d-4364-a292-4b0cda68c64f-task2_speech_process,1754959746.2972224,1754959746.3000069,1754959755.4159536,1754959769.730516,14.314562320709229,1754959770.038033,23.430509090423584,23.74081063270569,0.00011777877807617188,15.0,0.00010967254638671875
99b5ea36-0310-49c4-85d8-9ae83a96029a,a25cf3f9-e33d-4364-a292-4b0cda68c64f,task3_llm_process_qwen,a25cf3f9-e33d-4364-a292-4b0cda68c64f-task3_llm_process_qwen,1754959746.2972224,1754959746.3000069,1754959771.8229845,1754959819.052272,47.22928762435913,1754959819.1365411,72.75226521492004,72.83931875228882,0.02771306037902832,40.289894104003906,0.027702808380126953
99b5ea36-0310-49c4-85d8-9ae83a96029a,a25cf3f9-e33d-4364-a292-4b0cda68c64f,task4_llm_process_deepseek,a25cf3f9-e33d-4364-a292-4b0cda68c64f-task4_llm_process_deepseek,1754959746.2972224,1754959746.3000069,1754959779.8791296,1754959793.5187242,13.639594554901123,1754959793.6359358,47.21871733665466,47.33871340751648,0.03836178779602051,44.96149826049805,0.03834939002990723
99b5ea36-0310-49c4-85d8-9ae83a96029a,a25cf3f9-e33d-4364-a292-4b0cda68c64f,task5_llm_fuse_answer,a25cf3f9-e33d-4364-a292-4b0cda68c64f-task5_llm_fuse_answer,1754959746.2972224,1754959746.3000069,1754959820.3697326,1754959852.920565,32.55083227157593,1754959853.0074282,106.62055802345276,106.71020579338074,0.0002593994140625,15.0,0.0002493858337402344
c134398d-e1eb-4dab-97a1-6d9f715e53d0,49ca0973-4c9f-4ea3-a742-6d214fb87232,task1_obtain_content,49ca0973-4c9f-4ea3-a742-6d214fb87232-task1_obtain_content,1754959788.849179,1754959788.851552,1754959790.7197585,1754959790.74191,0.022151470184326172,1754959790.8224654,1.8903579711914062,1.9732863903045654,4.5299530029296875e-06,,
c134398d-e1eb-4dab-97a1-6d9f715e53d0,49ca0973-4c9f-4ea3-a742-6d214fb87232,task2_llm_process_qwen,49ca0973-4c9f-4ea3-a742-6d214fb87232-task2_llm_process_qwen,1754959788.849179,1754959788.851552,1754959792.700585,1754959840.6102881,47.90970325469971,1754959840.6836507,51.75873613357544,51.834471702575684,0.03080439567565918,37.770267486572266,0.030793190002441406
c134398d-e1eb-4dab-97a1-6d9f715e53d0,49ca0973-4c9f-4ea3-a742-6d214fb87232,task3_llm_process_deepseek,49ca0973-4c9f-4ea3-a742-6d214fb87232-task3_llm_process_deepseek,1754959788.849179,1754959788.851552,1754959795.5670328,1754959840.4195836,44.852550745010376,1754959840.4834557,51.568031549453735,51.63427662849426,0.03184628486633301,42.441871643066406,0.03183627128601074
c134398d-e1eb-4dab-97a1-6d9f715e53d0,49ca0973-4c9f-4ea3-a742-6d214fb87232,task4_llm_fuse_answer,49ca0973-4c9f-4ea3-a742-6d214fb87232-task4_llm_fuse_answer,1754959788.849179,1754959788.851552,1754959842.015328,1754959891.3502953,49.334967374801636,1754959891.4366205,102.49874329566956,102.58744144439697,0.0018396377563476562,28.05925178527832,0.0018296241760253906
3cef3a44-215e-4aed-8e3b-b1e3f08063b7,64827a98-b18e-44d8-857a-cee20f16ea95,task1_obtain_content,64827a98-b18e-44d8-857a-cee20f16ea95-task1_obtain_content,1754959831.4179525,1754959831.4206426,1754959833.2290938,1754959833.252661,0.02356719970703125,1754959833.3087785,1.8320183753967285,1.8908259868621826,5.0067901611328125e-06,,
3cef3a44-215e-4aed-8e3b-b1e3f08063b7,64827a98-b18e-44d8-857a-cee20f16ea95,task2_llm_process_qwen,64827a98-b18e-44d8-857a-cee20f16ea95-task2_llm_process_qwen,1754959831.4179525,1754959831.4206426,1754959834.6042662,1754959882.4940598,47.88979363441467,1754959882.598079,51.07341718673706,51.180126428604126,0.0363008975982666,35.4058723449707,0.03628873825073242
3cef3a44-215e-4aed-8e3b-b1e3f08063b7,64827a98-b18e-44d8-857a-cee20f16ea95,task3_llm_process_deepseek,64827a98-b18e-44d8-857a-cee20f16ea95-task3_llm_process_deepseek,1754959831.4179525,1754959831.4206426,1754959842.2760036,1754959880.5477493,38.271745681762695,1754959880.890448,49.12710666656494,49.472495555877686,0.04006505012512207,40.047218322753906,0.0400547981262207
3cef3a44-215e-4aed-8e3b-b1e3f08063b7,64827a98-b18e-44d8-857a-cee20f16ea95,task4_llm_fuse_answer,64827a98-b18e-44d8-857a-cee20f16ea95-task4_llm_fuse_answer,1754959831.4179525,1754959831.4206426,1754959884.7335453,1754959914.3069816,29.57343626022339,1754959914.3852036,82.88633894920349,82.96725106239319,0.02781200408935547,25.62088966369629,0.02779841423034668
d62cbee6-47c7-4918-825d-3b73b1af7e85,aaf4aba8-3ad2-4d36-bf2c-24ecdd01e291,task1_obtain_content,aaf4aba8-3ad2-4d36-bf2c-24ecdd01e291-task1_obtain_content,1754959881.9702766,1754959881.972647,1754959883.3006582,1754959883.3620813,0.06142306327819824,1754959883.4634519,1.3894343376159668,1.4931752681732178,4.76837158203125e-06,,
d62cbee6-47c7-4918-825d-3b73b1af7e85,aaf4aba8-3ad2-4d36-bf2c-24ecdd01e291,task2_vlm_process,aaf4aba8-3ad2-4d36-bf2c-24ecdd01e291-task2_vlm_process,1754959881.9702766,1754959881.972647,1754959893.2466912,1754959917.861041,24.614349842071533,1754959918.4478064,35.88839411735535,36.477529764175415,0.0001468658447265625,15.0,0.0001392364501953125
d62cbee6-47c7-4918-825d-3b73b1af7e85,aaf4aba8-3ad2-4d36-bf2c-24ecdd01e291,task3_output_final_answer,aaf4aba8-3ad2-4d36-bf2c-24ecdd01e291-task3_output_final_answer,1754959881.9702766,1754959881.972647,1754959919.706898,1754959919.7122812,0.00538325309753418,1754959919.8911364,37.7396342754364,37.920859813690186,2.288818359375e-05,1.0,1.3113021850585938e-05
99c9cc74-fdc8-46c6-8f8d-3ce2d3bfeea3,0f01d13d-e0bf-49bf-aaac-67422bac9fd9,task1_speech_process,0f01d13d-e0bf-49bf-aaac-67422bac9fd9-task1_speech_process,1754959829.2771826,1754959829.279629,1754959831.0574849,1754959834.4905908,3.433105945587158,1754959834.6624181,5.210961818695068,5.385235548019409,4.76837158203125e-06,,
99c9cc74-fdc8-46c6-8f8d-3ce2d3bfeea3,0f01d13d-e0bf-49bf-aaac-67422bac9fd9,task2_speech_process,0f01d13d-e0bf-49bf-aaac-67422bac9fd9-task2_speech_process,1754959829.2771826,1754959829.279629,1754959838.9717405,1754959866.438268,27.466527462005615,1754959866.8350675,37.1586389541626,37.55788493156433,0.00011706352233886719,15.0,0.00010967254638671875
99c9cc74-fdc8-46c6-8f8d-3ce2d3bfeea3,0f01d13d-e0bf-49bf-aaac-67422bac9fd9,task3_llm_process_qwen,0f01d13d-e0bf-49bf-aaac-67422bac9fd9-task3_llm_process_qwen,1754959829.2771826,1754959829.279629,1754959868.6793478,1754959915.9064007,47.22705292701721,1754959915.9892557,86.6267716884613,86.71207308769226,0.029416561126708984,15.673150062561035,0.029407262802124023
99c9cc74-fdc8-46c6-8f8d-3ce2d3bfeea3,0f01d13d-e0bf-49bf-aaac-67422bac9fd9,task4_llm_process_deepseek,0f01d13d-e0bf-49bf-aaac-67422bac9fd9-task4_llm_process_deepseek,1754959829.2771826,1754959829.279629,1754959880.1117847,1754959899.3166592,19.204874515533447,1754959899.4030604,70.03703022003174,70.12587785720825,0.03840899467468262,20.274911880493164,0.03840017318725586
99c9cc74-fdc8-46c6-8f8d-3ce2d3bfeea3,0f01d13d-e0bf-49bf-aaac-67422bac9fd9,task5_llm_fuse_answer,0f01d13d-e0bf-49bf-aaac-67422bac9fd9-task5_llm_fuse_answer,1754959829.2771826,1754959829.279629,1754959917.8054774,1754959933.477473,15.671995639801025,1754959933.5780814,104.1978440284729,104.3008987903595,0.00023436546325683594,15.0,0.0002262592315673828
4d51c4bf-4b0e-4f3d-897b-3f6687a7d9f2,036952fa-10e8-4331-99ee-6d6185b2bb7d,task1_file_process,036952fa-10e8-4331-99ee-6d6185b2bb7d-task1_file_process,1754959873.549197,1754959873.5516365,1754959880.055402,1754959880.4213898,0.36598777770996094,1754959880.5558512,6.869753360748291,7.006654262542725,4.5299530029296875e-06,,
4d51c4bf-4b0e-4f3d-897b-3f6687a7d9f2,036952fa-10e8-4331-99ee-6d6185b2bb7d,task2_llm_process_qwen,036952fa-10e8-4331-99ee-6d6185b2bb7d-task2_llm_process_qwen,1754959873.549197,1754959873.5516365,1754959882.7146642,1754959919.688389,36.97372484207153,1754959919.7982624,46.13675260543823,46.24906539916992,0.04221391677856445,40.438785552978516,0.042201995849609375
4d51c4bf-4b0e-4f3d-897b-3f6687a7d9f2,036952fa-10e8-4331-99ee-6d6185b2bb7d,task3_llm_process_deepseek,036952fa-10e8-4331-99ee-6d6185b2bb7d-task3_llm_process_deepseek,1754959873.549197,1754959873.5516365,1754959884.3637846,1754959901.158587,16.79480242729187,1754959901.2575035,27.606950521469116,27.708306550979614,0.026845216751098633,45.528785705566406,0.02683258056640625
4d51c4bf-4b0e-4f3d-897b-3f6687a7d9f2,036952fa-10e8-4331-99ee-6d6185b2bb7d,task4_llm_fuse_answer,036952fa-10e8-4331-99ee-6d6185b2bb7d-task4_llm_fuse_answer,1754959873.549197,1754959873.5516365,1754959921.0449264,1754959941.085529,20.040602684020996,1754959941.1931343,67.53389263153076,67.64393734931946,0.0018074512481689453,20.124858856201172,0.0017976760864257812
0bb3b44a-ede5-4db5-a520-4e844b0079c5,4aa3c675-f797-4fa0-9c41-b47399c829c1,task1_obtain_content,4aa3c675-f797-4fa0-9c41-b47399c829c1-task1_obtain_content,1754959884.9989314,1754959885.0013926,1754959886.2269752,1754959886.2488072,0.021831989288330078,1754959891.5302558,1.2474145889282227,6.53132438659668,4.5299530029296875e-06,,
0bb3b44a-ede5-4db5-a520-4e844b0079c5,4aa3c675-f797-4fa0-9c41-b47399c829c1,task2_llm_process_qwen,4aa3c675-f797-4fa0-9c41-b47399c829c1-task2_llm_process_qwen,1754959884.9989314,1754959885.0013926,1754959893.3323343,1754959941.8053973,48.47306299209595,1754959942.0151827,56.80400466918945,57.0162513256073,0.025428295135498047,25.496232986450195,0.02541828155517578
0bb3b44a-ede5-4db5-a520-4e844b0079c5,4aa3c675-f797-4fa0-9c41-b47399c829c1,task3_llm_process_deepseek,4aa3c675-f797-4fa0-9c41-b47399c829c1-task3_llm_process_deepseek,1754959884.9989314,1754959885.0013926,1754959900.6407285,1754959917.7300277,17.089299201965332,1754959918.4162924,32.72863507270813,33.41736102104187,0.029447078704833984,32.99577713012695,0.029436349868774414
0bb3b44a-ede5-4db5-a520-4e844b0079c5,4aa3c675-f797-4fa0-9c41-b47399c829c1,task4_llm_fuse_answer,4aa3c675-f797-4fa0-9c41-b47399c829c1-task4_llm_fuse_answer,1754959884.9989314,1754959885.0013926,1754959943.8603349,1754959989.3898165,45.529481649398804,1754959989.4455318,104.38842391967773,104.4466004371643,0.0022211074829101562,20.838455200195312,0.002209901809692383
9ca9bc20-1a0b-4076-9937-7724e3491cf8,ff33f8e5-38a3-42b3-a4d0-996463f93045,task1_obtain_content,ff33f8e5-38a3-42b3-a4d0-996463f93045-task1_obtain_content,1754960018.9093747,1754960018.9117436,1754960020.8660717,1754960020.9468615,0.08078980445861816,1754960021.0403664,2.0351178646087646,2.1309916973114014,5.9604644775390625e-06,,
9ca9bc20-1a0b-4076-9937-7724e3491cf8,ff33f8e5-38a3-42b3-a4d0-996463f93045,task2_vlm_process,ff33f8e5-38a3-42b3-a4d0-996463f93045-task2_vlm_process,1754960018.9093747,1754960018.9117436,1754960022.8138812,1754960061.3521602,38.53827905654907,1754960061.413211,42.44041657447815,42.50383639335632,0.00018930435180664062,15.0,0.0001800060272216797
9ca9bc20-1a0b-4076-9937-7724e3491cf8,ff33f8e5-38a3-42b3-a4d0-996463f93045,task3_output_final_answer,ff33f8e5-38a3-42b3-a4d0-996463f93045-task3_output_final_answer,1754960018.9093747,1754960018.9117436,1754960063.4670734,1754960063.471586,0.0045125484466552734,1754960063.536517,44.559842348098755,44.62714219093323,2.1219253540039062e-05,1.0,1.0967254638671875e-05
366e2f2b-8632-4ef2-81eb-bc3877489217,92a69564-de58-4083-86e5-4842a819dd61,task1_file_process,92a69564-de58-4083-86e5-4842a819dd61-task1_file_process,1754960170.6870477,1754960170.6894584,1754960172.3377736,1754960172.946867,0.609093427658081,1754960173.044006,2.257408618927002,2.3569583892822266,5.245208740234375e-06,,
366e2f2b-8632-4ef2-81eb-bc3877489217,92a69564-de58-4083-86e5-4842a819dd61,task2_llm_process_qwen,92a69564-de58-4083-86e5-4842a819dd61-task2_llm_process_qwen,1754960170.6870477,1754960170.6894584,1754960174.9334097,1754960195.3644743,20.43106460571289,1754960195.4432356,24.675015926361084,24.756187915802002,0.0021903514862060547,31.12486457824707,0.0021805763244628906
366e2f2b-8632-4ef2-81eb-bc3877489217,92a69564-de58-4083-86e5-4842a819dd61,task3_llm_process_deepseek,92a69564-de58-4083-86e5-4842a819dd61-task3_llm_process_deepseek,1754960170.6870477,1754960170.6894584,1754960174.9736154,1754960220.2919571,45.31834173202515,1754960220.3482196,49.60249876976013,49.66117191314697,0.01341700553894043,36.42247772216797,0.013407707214355469
366e2f2b-8632-4ef2-81eb-bc3877489217,92a69564-de58-4083-86e5-4842a819dd61,task4_llm_fuse_answer,92a69564-de58-4083-86e5-4842a819dd61-task4_llm_fuse_answer,1754960170.6870477,1754960170.6894584,1754960221.6116107,1754960267.8838654,46.27225470542908,1754960267.9822292,97.19440698623657,97.29518151283264,0.002008676528930664,26.0931453704834,0.0019989013671875
4aad72a9-5c5a-493b-8ea6-29a5986a1766,7760dc44-5acc-4a1f-9e22-a0e790dd3a8d,task0_init,7760dc44-5acc-4a1f-9e22-a0e790dd3a8d-task0_init,1754960245.113296,1754960245.1157272,1754960246.9464197,1754960247.038724,0.09230422973632812,1754960247.135441,1.9229967594146729,2.0221450328826904,4.5299530029296875e-06,,
4aad72a9-5c5a-493b-8ea6-29a5986a1766,7760dc44-5acc-4a1f-9e22-a0e790dd3a8d,task1_llm_process,7760dc44-5acc-4a1f-9e22-a0e790dd3a8d-task1_llm_process,1754960245.113296,1754960245.1157272,1754960248.9238465,1754960269.4443645,20.5205180644989,1754960269.535876,24.32863736152649,24.422580003738403,0.001985311508178711,32.99577713012695,0.001975536346435547
4aad72a9-5c5a-493b-8ea6-29a5986a1766,7760dc44-5acc-4a1f-9e22-a0e790dd3a8d,task2_execute_cancel,7760dc44-5acc-4a1f-9e22-a0e790dd3a8d-task2_execute_cancel,1754960245.113296,1754960245.1157272,1754960271.7031906,1754960271.7859976,0.08280706405639648,1754960271.8833983,26.670270442962646,26.77010226249695,1.9073486328125e-05,3.0,1.049041748046875e-05
4aad72a9-5c5a-493b-8ea6-29a5986a1766,7760dc44-5acc-4a1f-9e22-a0e790dd3a8d,task3_output_result,7760dc44-5acc-4a1f-9e22-a0e790dd3a8d-task3_output_result,1754960245.113296,1754960245.1157272,1754960273.6950886,1754960273.6998925,0.004803895950317383,1754960273.787914,28.584165334701538,28.674618005752563,2.4318695068359375e-05,1.0,1.5020370483398438e-05
7245af7c-404e-4d60-9ef4-94ed301e5315,66c6fe84-1da8-4736-821c-3209136eb960,task1_obtain_content,66c6fe84-1da8-4736-821c-3209136eb960-task1_obtain_content,1754960266.1066277,1754960266.1090033,1754960267.8942432,1754960267.9645355,0.07029223442077637,1754960268.0747142,1.855532169342041,1.9680864810943604,4.291534423828125e-06,,
7245af7c-404e-4d60-9ef4-94ed301e5315,66c6fe84-1da8-4736-821c-3209136eb960,task2_vlm_process,66c6fe84-1da8-4736-821c-3209136eb960-task2_vlm_process,1754960266.1066277,1754960266.1090033,1754960269.3443205,1754960276.7210631,7.376742601394653,1754960276.804828,10.612059831619263,10.698200225830078,0.00013327598571777344,15.0,0.00012564659118652344
7245af7c-404e-4d60-9ef4-94ed301e5315,66c6fe84-1da8-4736-821c-3209136eb960,task3_output_final_answer,66c6fe84-1da8-4736-821c-3209136eb960-task3_output_final_answer,1754960266.1066277,1754960266.1090033,1754960278.5840492,1754960278.5886543,0.00460505485534668,1754960278.6483195,12.479650974273682,12.541691780090332,2.002716064453125e-05,1.0,1.049041748046875e-05
8f80e01c-1296-4371-9486-bb3d68651a60,6c2e057b-8c96-489f-8815-464d29b666e3,task1_obtain_content,6c2e057b-8c96-489f-8815-464d29b666e3-task1_obtain_content,1754960261.4771807,1754960261.479564,1754960263.3478484,1754960263.3887188,0.04087042808532715,1754960263.464718,1.9091548919677734,1.9875373840332031,4.5299530029296875e-06,,
8f80e01c-1296-4371-9486-bb3d68651a60,6c2e057b-8c96-489f-8815-464d29b666e3,task2_vlm_process,6c2e057b-8c96-489f-8815-464d29b666e3-task2_vlm_process,1754960261.4771807,1754960261.479564,1754960264.7191975,1754960284.1326137,19.413416147232056,1754960284.1931756,22.65304970741272,22.715994834899902,0.000156402587890625,15.0,0.00014710426330566406
8f80e01c-1296-4371-9486-bb3d68651a60,6c2e057b-8c96-489f-8815-464d29b666e3,task3_output_final_answer,6c2e057b-8c96-489f-8815-464d29b666e3-task3_output_final_answer,1754960261.4771807,1754960261.479564,1754960285.4712937,1754960285.4756577,0.004364013671875,1754960285.5185244,23.99609375,24.041343688964844,2.1219253540039062e-05,1.0,1.33514404296875e-05
d62cbee6-47c7-4918-825d-3b73b1af7e85,282aec0b-d473-4890-a81f-8a6832c2b239,task1_obtain_content,282aec0b-d473-4890-a81f-8a6832c2b239-task1_obtain_content,1754960344.1587934,1754960344.1612396,1754960346.060622,1754960346.1233585,0.06273651123046875,1754960346.2059786,1.9621188640594482,2.047185182571411,4.76837158203125e-06,,
d62cbee6-47c7-4918-825d-3b73b1af7e85,282aec0b-d473-4890-a81f-8a6832c2b239,task2_vlm_process,282aec0b-d473-4890-a81f-8a6832c2b239-task2_vlm_process,1754960344.1587934,1754960344.1612396,1754960348.216752,1754960373.3746152,25.1578631401062,1754960373.473388,29.213375568389893,29.314594507217407,0.002359151840209961,26.219388961791992,0.0023491382598876953
d62cbee6-47c7-4918-825d-3b73b1af7e85,282aec0b-d473-4890-a81f-8a6832c2b239,task3_output_final_answer,282aec0b-d473-4890-a81f-8a6832c2b239-task3_output_final_answer,1754960344.1587934,1754960344.1612396,1754960375.2824693,1754960375.2867336,0.004264354705810547,1754960375.3688817,31.1254940032959,31.21008825302124,2.5510787963867188e-05,1.0,1.4066696166992188e-05
99c9cc74-fdc8-46c6-8f8d-3ce2d3bfeea3,2a632467-9212-4f8c-835b-f54680c79a99,task1_speech_process,2a632467-9212-4f8c-835b-f54680c79a99-task1_speech_process,1754960318.0291808,1754960318.0315874,1754960319.8685708,1754960323.4312973,3.5627264976501465,1754960323.6062891,5.399709939956665,5.577108383178711,5.4836273193359375e-06,,
99c9cc74-fdc8-46c6-8f8d-3ce2d3bfeea3,2a632467-9212-4f8c-835b-f54680c79a99,task2_speech_process,2a632467-9212-4f8c-835b-f54680c79a99-task2_speech_process,1754960318.0291808,1754960318.0315874,1754960327.236843,1754960350.7873833,23.55054020881653,1754960351.126265,32.75579595565796,33.097084283828735,0.00011420249938964844,15.0,0.00010609626770019531
99c9cc74-fdc8-46c6-8f8d-3ce2d3bfeea3,2a632467-9212-4f8c-835b-f54680c79a99,task3_llm_process_qwen,2a632467-9212-4f8c-835b-f54680c79a99-task3_llm_process_qwen,1754960318.0291808,1754960318.0315874,1754960352.4762483,1754960390.831453,38.355204820632935,1754960390.9187903,72.79986572265625,72.8896095752716,0.0017545223236083984,15.673150062561035,0.0017445087432861328
99c9cc74-fdc8-46c6-8f8d-3ce2d3bfeea3,2a632467-9212-4f8c-835b-f54680c79a99,task4_llm_process_deepseek,2a632467-9212-4f8c-835b-f54680c79a99-task4_llm_process_deepseek,1754960318.0291808,1754960318.0315874,1754960353.122371,1754960371.895389,18.77301812171936,1754960371.9680092,53.86380171775818,53.938828468322754,0.012685060501098633,20.274911880493164,0.012676477432250977
99c9cc74-fdc8-46c6-8f8d-3ce2d3bfeea3,2a632467-9212-4f8c-835b-f54680c79a99,task5_llm_fuse_answer,2a632467-9212-4f8c-835b-f54680c79a99-task5_llm_fuse_answer,1754960318.0291808,1754960318.0315874,1754960392.7165992,1754960427.2770765,34.5604772567749,1754960427.3922887,109.2454891204834,109.363107919693,0.0002505779266357422,15.0,0.0002422332763671875
27d5d136-8563-469e-92bf-fd103c28b57c,8046aae2-918c-432c-b5a3-62bdbcd69d96,task1_obtain_content,8046aae2-918c-432c-b5a3-62bdbcd69d96-task1_obtain_content,1754960350.0211864,1754960350.0235906,1754960351.8675737,1754960351.889923,0.02234935760498047,1754960351.9710813,1.8663325309753418,1.949894905090332,7.867813110351562e-06,,
27d5d136-8563-469e-92bf-fd103c28b57c,8046aae2-918c-432c-b5a3-62bdbcd69d96,task2_llm_process_qwen,8046aae2-918c-432c-b5a3-62bdbcd69d96-task2_llm_process_qwen,1754960350.0211864,1754960350.0235906,1754960353.2626374,1754960400.278306,47.015668630599976,1754960400.3383558,50.25471544265747,50.317169427871704,0.0020287036895751953,25.496232986450195,0.002017498016357422
27d5d136-8563-469e-92bf-fd103c28b57c,8046aae2-918c-432c-b5a3-62bdbcd69d96,task3_llm_process_deepseek,8046aae2-918c-432c-b5a3-62bdbcd69d96-task3_llm_process_deepseek,1754960350.0211864,1754960350.0235906,1754960373.8185637,1754960407.7439904,33.925426721572876,1754960407.8524897,57.72039985656738,57.831303358078,0.013740301132202148,32.99577713012695,0.013730049133300781
27d5d136-8563-469e-92bf-fd103c28b57c,8046aae2-918c-432c-b5a3-62bdbcd69d96,task4_llm_fuse_answer,8046aae2-918c-432c-b5a3-62bdbcd69d96-task4_llm_fuse_answer,1754960350.0211864,1754960350.0235906,1754960409.6663833,1754960447.538108,37.87172484397888,1754960447.6347184,97.51451754570007,97.61353206634521,0.0264129638671875,27.614988327026367,0.02640247344970703
366e2f2b-8632-4ef2-81eb-bc3877489217,3405b68e-cb05-4ed4-ab0c-11bdcbd9a6e6,task1_file_process,3405b68e-cb05-4ed4-ab0c-11bdcbd9a6e6-task1_file_process,1754960380.8091884,1754960380.8115854,1754960383.022836,1754960383.5791357,0.5562996864318848,1754960385.696202,2.767550230026245,4.887013673782349,6.198883056640625e-06,,
366e2f2b-8632-4ef2-81eb-bc3877489217,3405b68e-cb05-4ed4-ab0c-11bdcbd9a6e6,task2_llm_process_qwen,3405b68e-cb05-4ed4-ab0c-11bdcbd9a6e6-task2_llm_process_qwen,1754960380.8091884,1754960380.8115854,1754960386.9889266,1754960419.0363796,32.04745292663574,1754960419.1304896,38.224794149398804,38.321301221847534,0.03372359275817871,31.12486457824707,0.033710479736328125
366e2f2b-8632-4ef2-81eb-bc3877489217,3405b68e-cb05-4ed4-ab0c-11bdcbd9a6e6,task3_llm_process_deepseek,3405b68e-cb05-4ed4-ab0c-11bdcbd9a6e6-task3_llm_process_deepseek,1754960380.8091884,1754960380.8115854,1754960390.800694,1754960437.571746,46.77105212211609,1754960437.6638649,56.76016068458557,56.854676485061646,0.037912845611572266,36.42247772216797,0.03790163993835449
366e2f2b-8632-4ef2-81eb-bc3877489217,3405b68e-cb05-4ed4-ab0c-11bdcbd9a6e6,task4_llm_fuse_answer,3405b68e-cb05-4ed4-ab0c-11bdcbd9a6e6-task4_llm_fuse_answer,1754960380.8091884,1754960380.8115854,1754960438.9259648,1754960472.354638,33.4286732673645,1754960472.43444,91.54305267333984,91.62525153160095,0.0019843578338623047,26.0931453704834,0.0019741058349609375
021a5339-744f-42b7-bd9b-9368b3efda7a,e793401f-1532-4556-99fc-1ac5a7e143c6,task1_file_process,e793401f-1532-4556-99fc-1ac5a7e143c6-task1_file_process,1754960382.3851907,1754960382.3876355,1754960387.8596358,1754960388.8874931,1.0278573036193848,1754960389.0055525,6.499857664108276,6.620361804962158,4.291534423828125e-06,,
021a5339-744f-42b7-bd9b-9368b3efda7a,e793401f-1532-4556-99fc-1ac5a7e143c6,task2_llm_process_qwen,e793401f-1532-4556-99fc-1ac5a7e143c6-task2_llm_process_qwen,1754960382.3851907,1754960382.3876355,1754960411.2873745,1754960435.4846897,24.197315216064453,1754960435.5585773,53.09705424308777,53.173386573791504,0.033910512924194336,31.12486457824707,0.03390002250671387
021a5339-744f-42b7-bd9b-9368b3efda7a,e793401f-1532-4556-99fc-1ac5a7e143c6,task3_llm_process_deepseek,e793401f-1532-4556-99fc-1ac5a7e143c6-task3_llm_process_deepseek,1754960382.3851907,1754960382.3876355,1754960401.5746834,1754960424.5709922,22.99630880355835,1754960424.6877334,42.18335676193237,42.3025426864624,0.042444705963134766,36.42247772216797,0.04243063926696777
021a5339-744f-42b7-bd9b-9368b3efda7a,e793401f-1532-4556-99fc-1ac5a7e143c6,task4_llm_fuse_answer,e793401f-1532-4556-99fc-1ac5a7e143c6-task4_llm_fuse_answer,1754960382.3851907,1754960382.3876355,1754960437.481368,1754960475.3333774,37.852009296417236,1754960475.381669,92.94574189186096,92.99647831916809,0.02468252182006836,28.05925178527832,0.02467179298400879
8f80e01c-1296-4371-9486-bb3d68651a60,1fbf5038-8185-40ca-9eb1-165374283594,task1_obtain_content,1fbf5038-8185-40ca-9eb1-165374283594-task1_obtain_content,1754960503.9891806,1754960503.9915454,1754960505.8220012,1754960505.8633978,0.0413966178894043,1754960525.0652745,1.8718523979187012,21.076093912124634,5.0067901611328125e-06,,
8f80e01c-1296-4371-9486-bb3d68651a60,1fbf5038-8185-40ca-9eb1-165374283594,task2_vlm_process,1fbf5038-8185-40ca-9eb1-165374283594-task2_vlm_process,1754960503.9891806,1754960503.9915454,1754960526.3417296,1754960544.1139858,17.77225613594055,1754960544.2111516,40.122440338134766,40.22197103500366,0.03366851806640625,28.848529815673828,0.03365755081176758
8f80e01c-1296-4371-9486-bb3d68651a60,1fbf5038-8185-40ca-9eb1-165374283594,task3_output_final_answer,1fbf5038-8185-40ca-9eb1-165374283594-task3_output_final_answer,1754960503.9891806,1754960503.9915454,1754960546.0153203,1754960546.0197845,0.004464149475097656,1754960562.1368587,42.028239011764526,58.14767813682556,1.8358230590820312e-05,1.0,1.0728836059570312e-05
65afbc8a-89ca-4ad5-8d62-355bb401f61d,29baf7f5-a071-4a8e-b53d-f82efd726006,task1_file_process,29baf7f5-a071-4a8e-b53d-f82efd726006-task1_file_process,1754960490.500881,1754960490.5033224,1754960492.9075758,1754960493.251716,0.34414005279541016,1754960493.3055737,2.7483935356140137,2.8046927452087402,5.245208740234375e-06,,
65afbc8a-89ca-4ad5-8d62-355bb401f61d,29baf7f5-a071-4a8e-b53d-f82efd726006,task2_llm_process_qwen,29baf7f5-a071-4a8e-b53d-f82efd726006-task2_llm_process_qwen,1754960490.500881,1754960490.5033224,1754960495.261776,1754960540.092681,44.830904960632324,1754960540.1522338,49.58935856819153,49.651352882385254,0.0022809505462646484,43.71103286743164,0.0022704601287841797
65afbc8a-89ca-4ad5-8d62-355bb401f61d,29baf7f5-a071-4a8e-b53d-f82efd726006,task3_llm_process_deepseek,29baf7f5-a071-4a8e-b53d-f82efd726006-task3_llm_process_deepseek,1754960490.500881,1754960490.5033224,1754960495.2324297,1754960539.9699848,44.73755502700806,1754960540.052194,49.46666240692139,49.551313161849976,0.0016989707946777344,48.63721466064453,0.0016906261444091797
65afbc8a-89ca-4ad5-8d62-355bb401f61d,29baf7f5-a071-4a8e-b53d-f82efd726006,task4_llm_fuse_answer,29baf7f5-a071-4a8e-b53d-f82efd726006-task4_llm_fuse_answer,1754960490.500881,1754960490.5033224,1754960541.9272194,1754960587.8212092,45.89398980140686,1754960587.9504216,97.31788682937622,97.44954061508179,0.0021436214447021484,29.81281852722168,0.002134084701538086
