dag_id,run_id,task_name,task_id,sub_time,arrival_time,start_exec_time,finish_exec_time,exec_time,leave_time,completion_time,response_time
8c7989f9-67fc-435b-bb60-c9b7b8e6bfbb,8c611136-61ab-4ad3-971a-7b8ceb27a58d,task1_start_receive_task,8c611136-61ab-4ad3-971a-7b8ceb27a58d-task1_start_receive_task,1754139406.839738,1754139406.8453808,1754139410.590237,1754139410.603016,0.012778997421264648,1754139410.6476805,3.7576351165771484,3.8079426288604736
8c7989f9-67fc-435b-bb60-c9b7b8e6bfbb,8c611136-61ab-4ad3-971a-7b8ceb27a58d,task2_read_file,8c611136-61ab-4ad3-971a-7b8ceb27a58d-task2_read_file,1754139406.839738,1754139406.8453808,1754139412.4627383,1754139412.4764082,0.013669967651367188,1754139412.5154362,5.631027460098267,5.675698280334473
8c7989f9-67fc-435b-bb60-c9b7b8e6bfbb,8c611136-61ab-4ad3-971a-7b8ceb27a58d,task3_file_process,8c611136-61ab-4ad3-971a-7b8ceb27a58d-task3_file_process,1754139406.839738,1754139406.8453808,1754139414.94388,1754139415.1826534,0.23877334594726562,1754139415.2449968,8.337272644042969,8.405258893966675
8c7989f9-67fc-435b-bb60-c9b7b8e6bfbb,8c611136-61ab-4ad3-971a-7b8ceb27a58d,task4a_vlm_process,8c611136-61ab-4ad3-971a-7b8ceb27a58d-task4a_vlm_process,1754139406.839738,1754139406.8453808,1754139419.208408,1754139564.4111297,145.20272159576416,1754139564.5683112,157.56574892997742,157.72857332229614
8c7989f9-67fc-435b-bb60-c9b7b8e6bfbb,8c611136-61ab-4ad3-971a-7b8ceb27a58d,task4b_vlm_process,8c611136-61ab-4ad3-971a-7b8ceb27a58d-task4b_vlm_process,1754139406.839738,1754139406.8453808,1754139419.219305,1754139541.142242,121.92293691635132,1754139541.3236592,134.2968611717224,134.48392128944397
8c7989f9-67fc-435b-bb60-c9b7b8e6bfbb,8c611136-61ab-4ad3-971a-7b8ceb27a58d,task4c_vlm_process,8c611136-61ab-4ad3-971a-7b8ceb27a58d-task4c_vlm_process,1754139406.839738,1754139406.8453808,1754139428.855854,1754139563.3474195,134.49156546592712,1754139563.5181375,156.5020387172699,156.6783995628357
8c7989f9-67fc-435b-bb60-c9b7b8e6bfbb,8c611136-61ab-4ad3-971a-7b8ceb27a58d,task4d_vlm_process,8c611136-61ab-4ad3-971a-7b8ceb27a58d-task4d_vlm_process,1754139406.839738,1754139406.8453808,1754139455.889929,1754139608.8842227,152.99429368972778,1754139609.225578,202.03884196281433,202.385840177536
8c7989f9-67fc-435b-bb60-c9b7b8e6bfbb,8c611136-61ab-4ad3-971a-7b8ceb27a58d,task4_merge_results,8c611136-61ab-4ad3-971a-7b8ceb27a58d-task4_merge_results,1754139406.839738,1754139406.8453808,1754139611.0176797,1754139611.02578,0.008100271224975586,1754139625.9154441,204.18039917945862,219.07570624351501
8c7989f9-67fc-435b-bb60-c9b7b8e6bfbb,8c611136-61ab-4ad3-971a-7b8ceb27a58d,task5_output_final_answer,8c611136-61ab-4ad3-971a-7b8ceb27a58d-task5_output_final_answer,1754139406.839738,1754139406.8453808,1754139627.7493243,1754139627.7541788,0.004854440689086914,1754139627.8058379,220.90879797935486,220.9660999774933
0a3f0429-68e2-4343-94d1-d7e0b30abb39,171284d0-39de-425c-842b-800fe46a2105,task0_init,171284d0-39de-425c-842b-800fe46a2105-task0_init,1754139566.204748,1754139566.2072403,1754139567.3171625,1754139567.5570707,0.23990821838378906,1754139567.666426,1.3498303890228271,1.4616780281066895
0a3f0429-68e2-4343-94d1-d7e0b30abb39,171284d0-39de-425c-842b-800fe46a2105,task1_llm_process1,171284d0-39de-425c-842b-800fe46a2105-task1_llm_process1,1754139566.204748,1754139566.2072403,1754139569.4202366,1754139625.406049,55.9858124256134,1754139625.838634,59.198808670043945,59.633886098861694
0a3f0429-68e2-4343-94d1-d7e0b30abb39,171284d0-39de-425c-842b-800fe46a2105,task2_get_user_and_reservation_details,171284d0-39de-425c-842b-800fe46a2105-task2_get_user_and_reservation_details,1754139566.204748,1754139566.2072403,1754139627.4063246,1754139627.5902991,0.1839745044708252,1754139627.702934,61.38305878639221,61.498186111450195
0a3f0429-68e2-4343-94d1-d7e0b30abb39,171284d0-39de-425c-842b-800fe46a2105,task3_cancel_reservation,171284d0-39de-425c-842b-800fe46a2105-task3_cancel_reservation,1754139566.204748,1754139566.2072403,1754139629.8546085,1754139630.0359492,0.18134069442749023,1754139630.1478965,63.82870888710022,63.943148612976074
0a3f0429-68e2-4343-94d1-d7e0b30abb39,171284d0-39de-425c-842b-800fe46a2105,task4_search_new_flights,171284d0-39de-425c-842b-800fe46a2105-task4_search_new_flights,1754139566.204748,1754139566.2072403,1754139631.6968033,1754139631.8879478,0.19114446640014648,1754139632.0016239,65.6807074546814,65.79687595367432
0a3f0429-68e2-4343-94d1-d7e0b30abb39,171284d0-39de-425c-842b-800fe46a2105,task5_llm_process2,171284d0-39de-425c-842b-800fe46a2105-task5_llm_process2,1754139566.204748,1754139566.2072403,1754139633.7158134,1754139676.4856057,42.769792318344116,1754139677.050306,110.27836537361145,110.8455581665039
0a3f0429-68e2-4343-94d1-d7e0b30abb39,171284d0-39de-425c-842b-800fe46a2105,task6_book_new_reservation,171284d0-39de-425c-842b-800fe46a2105-task6_book_new_reservation,1754139566.204748,1754139566.2072403,1754139678.669164,1754139678.8538227,0.18465876579284668,1754139764.1024766,112.64658236503601,197.89772868156433
65afbc8a-89ca-4ad5-8d62-355bb401f61d,eac6f531-c05c-45a2-a6f5-f5fb85628d38,task1_file_process,eac6f531-c05c-45a2-a6f5-f5fb85628d38-task1_file_process,1754139635.9837244,1754139635.9932127,1754139637.83138,1754139638.1063228,0.27494287490844727,1754139638.2128713,2.113110065460205,2.229146957397461
65afbc8a-89ca-4ad5-8d62-355bb401f61d,eac6f531-c05c-45a2-a6f5-f5fb85628d38,task2_llm_process_qwen,eac6f531-c05c-45a2-a6f5-f5fb85628d38-task2_llm_process_qwen,1754139635.9837244,1754139635.9932127,1754139640.045398,1754139769.514212,129.4688138961792,1754139769.9143279,133.52099919319153,133.9306035041809
65afbc8a-89ca-4ad5-8d62-355bb401f61d,eac6f531-c05c-45a2-a6f5-f5fb85628d38,task3_llm_process_deepseek,eac6f531-c05c-45a2-a6f5-f5fb85628d38-task3_llm_process_deepseek,1754139635.9837244,1754139635.9932127,1754139647.3237774,1754139763.5952775,116.27150011062622,1754139763.998152,127.60206484794617,128.01442766189575
65afbc8a-89ca-4ad5-8d62-355bb401f61d,eac6f531-c05c-45a2-a6f5-f5fb85628d38,task4_llm_fuse_answer,eac6f531-c05c-45a2-a6f5-f5fb85628d38-task4_llm_fuse_answer,1754139635.9837244,1754139635.9932127,1754139771.294919,1754139874.2738137,102.97889471054077,1754139874.657417,238.28060102462769,238.67369270324707
4b21fc63-5f83-44cf-92a5-b526bdbca2bf,5c077fba-9a00-49bc-8dd2-518d492d801e,task0_init,5c077fba-9a00-49bc-8dd2-518d492d801e-task0_init,1754139693.35174,1754139693.3541975,1754139765.1693952,1754139765.263499,0.09410381317138672,1754139765.3458252,71.90930151939392,71.99408531188965
4b21fc63-5f83-44cf-92a5-b526bdbca2bf,5c077fba-9a00-49bc-8dd2-518d492d801e,task1_llm_process,5c077fba-9a00-49bc-8dd2-518d492d801e-task1_llm_process,1754139693.35174,1754139693.3541975,1754139767.21916,1754139877.2255626,110.0064024925232,1754139877.6199586,183.87136507034302,184.26821875572205
4b21fc63-5f83-44cf-92a5-b526bdbca2bf,5c077fba-9a00-49bc-8dd2-518d492d801e,task2a_find_user,5c077fba-9a00-49bc-8dd2-518d492d801e-task2a_find_user,1754139693.35174,1754139693.3541975,1754139879.4163322,1754139879.4211042,0.0047719478607177734,1754139879.5169697,186.06690669059753,186.16522979736328
4b21fc63-5f83-44cf-92a5-b526bdbca2bf,5c077fba-9a00-49bc-8dd2-518d492d801e,task2b_get_order_details,5c077fba-9a00-49bc-8dd2-518d492d801e-task2b_get_order_details,1754139693.35174,1754139693.3541975,1754139879.8813965,1754139879.964395,0.08299851417541504,1754139880.0684578,186.6101975440979,186.71671795845032
4b21fc63-5f83-44cf-92a5-b526bdbca2bf,5c077fba-9a00-49bc-8dd2-518d492d801e,task3_execute_modifications,5c077fba-9a00-49bc-8dd2-518d492d801e-task3_execute_modifications,1754139693.35174,1754139693.3541975,1754139882.2569923,1754139882.3370657,0.08007335662841797,1754139882.4241076,188.98286819458008,189.07236766815186
4b21fc63-5f83-44cf-92a5-b526bdbca2bf,5c077fba-9a00-49bc-8dd2-518d492d801e,task4_output_result,5c077fba-9a00-49bc-8dd2-518d492d801e-task4_output_result,1754139693.35174,1754139693.3541975,1754139883.7422786,1754139883.7432098,0.0009312629699707031,1754139883.8277109,190.38901233673096,190.47597098350525
6e2edd86-9bc7-4233-8de9-cae74e8d64bc,315c0e32-2ce9-4836-8f4e-2dfd294609ad,task0_init,315c0e32-2ce9-4836-8f4e-2dfd294609ad-task0_init,1754139702.33923,1754139702.3424807,1754139765.3073702,1754139765.403268,0.09589791297912598,1754139765.446343,63.06078743934631,63.107112884521484
6e2edd86-9bc7-4233-8de9-cae74e8d64bc,315c0e32-2ce9-4836-8f4e-2dfd294609ad,task1_llm_process,315c0e32-2ce9-4836-8f4e-2dfd294609ad-task1_llm_process,1754139702.33923,1754139702.3424807,1754139767.2699428,1754139894.2423935,126.97245073318481,1754139894.6116765,191.89991283416748,192.27244639396667
6e2edd86-9bc7-4233-8de9-cae74e8d64bc,315c0e32-2ce9-4836-8f4e-2dfd294609ad,task2a_find_user,315c0e32-2ce9-4836-8f4e-2dfd294609ad-task2a_find_user,1754139702.33923,1754139702.3424807,1754139896.8308017,1754139896.8356593,0.004857540130615234,1754139896.9091704,194.49317860603333,194.56994032859802
6e2edd86-9bc7-4233-8de9-cae74e8d64bc,315c0e32-2ce9-4836-8f4e-2dfd294609ad,task2b_get_order_details,315c0e32-2ce9-4836-8f4e-2dfd294609ad-task2b_get_order_details,1754139702.33923,1754139702.3424807,1754139896.9098976,1754139897.0378876,0.1279900074005127,1754139897.1101174,194.69540691375732,194.77088737487793
6e2edd86-9bc7-4233-8de9-cae74e8d64bc,315c0e32-2ce9-4836-8f4e-2dfd294609ad,task3_execute_modifications,315c0e32-2ce9-4836-8f4e-2dfd294609ad-task3_execute_modifications,1754139702.33923,1754139702.3424807,1754139898.8250387,1754139898.904549,0.07951021194458008,1754139899.2163444,196.56206822395325,196.87711429595947
6e2edd86-9bc7-4233-8de9-cae74e8d64bc,315c0e32-2ce9-4836-8f4e-2dfd294609ad,task4_output_result,315c0e32-2ce9-4836-8f4e-2dfd294609ad-task4_output_result,1754139702.33923,1754139702.3424807,1754139901.0744746,1754139901.0754235,0.0009489059448242188,1754139901.121859,198.73294281959534,198.78262901306152
eaf9ba14-bf52-4bbc-9d0b-f02d09379fac,c06e3643-8b60-4235-b605-52948ca0edcf,task0_init,c06e3643-8b60-4235-b605-52948ca0edcf-task0_init,1754139705.5084548,1754139705.5108726,1754139766.5428836,1754139766.6363022,0.09341859817504883,1754139766.6998992,61.12542963027954,61.191444396972656
eaf9ba14-bf52-4bbc-9d0b-f02d09379fac,c06e3643-8b60-4235-b605-52948ca0edcf,task1_llm_process,c06e3643-8b60-4235-b605-52948ca0edcf-task1_llm_process,1754139705.5084548,1754139705.5108726,1754139768.5236533,1754139899.7099662,131.18631291389465,1754139900.1189363,194.19909358024597,194.6104815006256
eaf9ba14-bf52-4bbc-9d0b-f02d09379fac,c06e3643-8b60-4235-b605-52948ca0edcf,task2a_find_user,c06e3643-8b60-4235-b605-52948ca0edcf-task2a_find_user,1754139705.5084548,1754139705.5108726,1754139902.3673534,1754139902.3697517,0.002398252487182617,1754139902.4755938,196.85887908935547,196.967139005661
eaf9ba14-bf52-4bbc-9d0b-f02d09379fac,c06e3643-8b60-4235-b605-52948ca0edcf,task2b_get_order_details,c06e3643-8b60-4235-b605-52948ca0edcf-task2b_get_order_details,1754139705.5084548,1754139705.5108726,1754139902.4133747,1754139902.4198043,0.0064296722412109375,1754139902.5761588,196.90893173217773,197.06770396232605
eaf9ba14-bf52-4bbc-9d0b-f02d09379fac,c06e3643-8b60-4235-b605-52948ca0edcf,task3_execute_operations,c06e3643-8b60-4235-b605-52948ca0edcf-task3_execute_operations,1754139705.5084548,1754139705.5108726,1754139904.3361397,1754139904.341385,0.005245208740234375,1754139904.43186,198.83051228523254,198.92340517044067
eaf9ba14-bf52-4bbc-9d0b-f02d09379fac,c06e3643-8b60-4235-b605-52948ca0edcf,task4_output_result,c06e3643-8b60-4235-b605-52948ca0edcf-task4_output_result,1754139705.5084548,1754139705.5108726,1754139906.2790759,1754139906.281076,0.002000093460083008,1754139906.33673,200.7702033519745,200.82827520370483
075d3bf5-6718-4281-a604-89ae23be59de,4c16455f-ca84-4056-8765-aba0e6a835c0,task0_init,4c16455f-ca84-4056-8765-aba0e6a835c0-task0_init,1754139812.0677683,1754139812.0703065,1754139813.4916608,1754139813.5861585,0.0944976806640625,1754139830.0499804,1.5158519744873047,17.98221206665039
075d3bf5-6718-4281-a604-89ae23be59de,4c16455f-ca84-4056-8765-aba0e6a835c0,task1_llm_process,4c16455f-ca84-4056-8765-aba0e6a835c0-task1_llm_process,1754139812.0677683,1754139812.0703065,1754139876.5691702,1754139919.7376814,43.168511152267456,1754139920.191072,107.66737484931946,108.12330365180969
075d3bf5-6718-4281-a604-89ae23be59de,4c16455f-ca84-4056-8765-aba0e6a835c0,task2_execute_cancel,4c16455f-ca84-4056-8765-aba0e6a835c0-task2_execute_cancel,1754139812.0677683,1754139812.0703065,1754139921.8822389,1754139921.9659986,0.08375978469848633,1754139922.0220037,109.89569211006165,109.95423531532288
075d3bf5-6718-4281-a604-89ae23be59de,4c16455f-ca84-4056-8765-aba0e6a835c0,task3_output_result,4c16455f-ca84-4056-8765-aba0e6a835c0-task3_output_result,1754139812.0677683,1754139812.0703065,1754139923.9134257,1754139923.9182801,0.004854440689086914,1754139923.9258273,111.84797358512878,111.85805892944336
e4251249-ba81-4ecc-93bf-b9d1ca6182c4,c251dd8c-b6e2-4f4c-b1b8-a96b290d803f,task1_start_receive_task,c251dd8c-b6e2-4f4c-b1b8-a96b290d803f-task1_start_receive_task,1754139684.3641636,1754139684.366631,1754139686.2414358,1754139686.2536316,0.012195825576782227,1754139764.0918417,1.887000560760498,79.72767806053162
e4251249-ba81-4ecc-93bf-b9d1ca6182c4,c251dd8c-b6e2-4f4c-b1b8-a96b290d803f,task2_read_file,c251dd8c-b6e2-4f4c-b1b8-a96b290d803f-task2_read_file,1754139684.3641636,1754139684.366631,1754139765.9159245,1754139765.9292023,0.013277769088745117,1754139765.997924,81.56257128715515,81.63376045227051
e4251249-ba81-4ecc-93bf-b9d1ca6182c4,c251dd8c-b6e2-4f4c-b1b8-a96b290d803f,task3_file_process,c251dd8c-b6e2-4f4c-b1b8-a96b290d803f-task3_file_process,1754139684.3641636,1754139684.366631,1754139768.4420273,1754139768.6711895,0.22916221618652344,1754139768.7543032,84.3045585155487,84.39013957977295
e4251249-ba81-4ecc-93bf-b9d1ca6182c4,c251dd8c-b6e2-4f4c-b1b8-a96b290d803f,task4a_vlm_process,c251dd8c-b6e2-4f4c-b1b8-a96b290d803f-task4a_vlm_process,1754139684.3641636,1754139684.366631,1754139772.695929,1754139930.7180188,158.02208971977234,1754139930.891906,246.35138773918152,246.52774238586426
e4251249-ba81-4ecc-93bf-b9d1ca6182c4,c251dd8c-b6e2-4f4c-b1b8-a96b290d803f,task4b_vlm_process,c251dd8c-b6e2-4f4c-b1b8-a96b290d803f-task4b_vlm_process,1754139684.3641636,1754139684.366631,1754139772.8564396,1754139903.3542774,130.49783778190613,1754139903.4869404,218.98764634132385,219.12277674674988
e4251249-ba81-4ecc-93bf-b9d1ca6182c4,c251dd8c-b6e2-4f4c-b1b8-a96b290d803f,task4c_vlm_process,c251dd8c-b6e2-4f4c-b1b8-a96b290d803f-task4c_vlm_process,1754139684.3641636,1754139684.366631,1754139783.471331,1754139941.1908355,157.71950459480286,1754139941.4039183,256.82420444488525,257.03975462913513
e4251249-ba81-4ecc-93bf-b9d1ca6182c4,c251dd8c-b6e2-4f4c-b1b8-a96b290d803f,task4d_vlm_process,c251dd8c-b6e2-4f4c-b1b8-a96b290d803f-task4d_vlm_process,1754139684.3641636,1754139684.366631,1754139815.5424175,1754139969.3907897,153.84837222099304,1754139969.6213405,285.0241587162018,285.2571768760681
e4251249-ba81-4ecc-93bf-b9d1ca6182c4,c251dd8c-b6e2-4f4c-b1b8-a96b290d803f,task4_merge_results,c251dd8c-b6e2-4f4c-b1b8-a96b290d803f-task4_merge_results,1754139684.3641636,1754139684.366631,1754139971.442963,1754139971.4510856,0.008122682571411133,1754139975.0408747,287.084454536438,290.6767110824585
e4251249-ba81-4ecc-93bf-b9d1ca6182c4,c251dd8c-b6e2-4f4c-b1b8-a96b290d803f,task5_output_final_answer,c251dd8c-b6e2-4f4c-b1b8-a96b290d803f-task5_output_final_answer,1754139684.3641636,1754139684.366631,1754139976.9130104,1754139976.9179864,0.004976034164428711,1754139982.707891,292.5513553619385,298.343727350235
66fc373a-48ae-4fbc-a76b-34cbc1f9883b,495a9a48-9a65-4026-9d0b-2d2a27f60f03,task1_start_receive_task,495a9a48-9a65-4026-9d0b-2d2a27f60f03-task1_start_receive_task,1754139860.7730072,1754139860.7756193,1754139861.9492767,1754139861.9571872,0.007910490036010742,1754139874.7542412,1.181567907333374,13.981234073638916
66fc373a-48ae-4fbc-a76b-34cbc1f9883b,495a9a48-9a65-4026-9d0b-2d2a27f60f03,task2_read_file,495a9a48-9a65-4026-9d0b-2d2a27f60f03-task2_read_file,1754139860.7730072,1754139860.7756193,1754139876.6590838,1754139876.6677155,0.008631706237792969,1754139876.7594473,15.892096281051636,15.986440181732178
66fc373a-48ae-4fbc-a76b-34cbc1f9883b,495a9a48-9a65-4026-9d0b-2d2a27f60f03,task3_file_process,495a9a48-9a65-4026-9d0b-2d2a27f60f03-task3_file_process,1754139860.7730072,1754139860.7756193,1754139878.766376,1754139878.9415402,0.17516422271728516,1754139879.0154972,18.165920972824097,18.24249005317688
66fc373a-48ae-4fbc-a76b-34cbc1f9883b,495a9a48-9a65-4026-9d0b-2d2a27f60f03,task4a_vlm_process,495a9a48-9a65-4026-9d0b-2d2a27f60f03-task4a_vlm_process,1754139860.7730072,1754139860.7756193,1754139882.6347353,1754139998.404382,115.76964664459229,1754139998.6374507,137.62876272201538,137.86444354057312
66fc373a-48ae-4fbc-a76b-34cbc1f9883b,495a9a48-9a65-4026-9d0b-2d2a27f60f03,task4b_vlm_process,495a9a48-9a65-4026-9d0b-2d2a27f60f03-task4b_vlm_process,1754139860.7730072,1754139860.7756193,1754139898.1832988,1754140020.002568,121.81926918029785,1754140020.1144419,159.22694873809814,159.34143471717834
66fc373a-48ae-4fbc-a76b-34cbc1f9883b,495a9a48-9a65-4026-9d0b-2d2a27f60f03,task4c_vlm_process,495a9a48-9a65-4026-9d0b-2d2a27f60f03-task4c_vlm_process,1754139860.7730072,1754139860.7756193,1754139904.2148256,1754140038.9352527,134.7204270362854,1754140039.119065,178.15963339805603,178.3460578918457
66fc373a-48ae-4fbc-a76b-34cbc1f9883b,495a9a48-9a65-4026-9d0b-2d2a27f60f03,task4d_vlm_process,495a9a48-9a65-4026-9d0b-2d2a27f60f03-task4d_vlm_process,1754139860.7730072,1754139860.7756193,1754139907.5914397,1754140023.7635028,116.17206311225891,1754140023.8734295,162.98788356781006,163.10042238235474
66fc373a-48ae-4fbc-a76b-34cbc1f9883b,495a9a48-9a65-4026-9d0b-2d2a27f60f03,task4_merge_results,495a9a48-9a65-4026-9d0b-2d2a27f60f03-task4_merge_results,1754139860.7730072,1754139860.7756193,1754140040.4915733,1754140040.49958,0.008006572723388672,1754140040.555579,179.72396063804626,179.78257179260254
66fc373a-48ae-4fbc-a76b-34cbc1f9883b,495a9a48-9a65-4026-9d0b-2d2a27f60f03,task5_output_final_answer,495a9a48-9a65-4026-9d0b-2d2a27f60f03-task5_output_final_answer,1754139860.7730072,1754139860.7756193,1754140042.439668,1754140042.4443586,0.004690647125244141,1754140042.511242,181.66873931884766,181.73823475837708
9a9e376c-0089-4a3e-8480-f05df35ae465,5b02abce-e001-4563-808a-08e89c66a465,task0_init,5b02abce-e001-4563-808a-08e89c66a465-task0_init,1754139926.0197294,1754139926.0222294,1754139927.4672432,1754139927.7406929,0.2734496593475342,1754139930.9401743,1.71846342086792,4.920444965362549
9a9e376c-0089-4a3e-8480-f05df35ae465,5b02abce-e001-4563-808a-08e89c66a465,task1_llm_process,5b02abce-e001-4563-808a-08e89c66a465-task1_llm_process,1754139926.0197294,1754139926.0222294,1754139932.8763936,1754139982.1401806,49.263787031173706,1754139982.6968162,56.11795115470886,56.67708683013916
9a9e376c-0089-4a3e-8480-f05df35ae465,5b02abce-e001-4563-808a-08e89c66a465,task2a_search_direct_flight,5b02abce-e001-4563-808a-08e89c66a465-task2a_search_direct_flight,1754139926.0197294,1754139926.0222294,1754139984.9742272,1754139985.1785846,0.20435738563537598,1754139995.994243,59.156355142593384,69.9745135307312
9a9e376c-0089-4a3e-8480-f05df35ae465,5b02abce-e001-4563-808a-08e89c66a465,task2b_search_onestop_flight,5b02abce-e001-4563-808a-08e89c66a465-task2b_search_onestop_flight,1754139926.0197294,1754139926.0222294,1754139997.67457,1754139997.9131699,0.2385997772216797,1754139998.0500908,71.89094042778015,72.03036141395569
9a9e376c-0089-4a3e-8480-f05df35ae465,5b02abce-e001-4563-808a-08e89c66a465,task2c_get_user_details,5b02abce-e001-4563-808a-08e89c66a465-task2c_get_user_details,1754139926.0197294,1754139926.0222294,1754139998.2887135,1754139998.5035264,0.2148129940032959,1754139998.6529655,72.4812970161438,72.63323616981506
9a9e376c-0089-4a3e-8480-f05df35ae465,5b02abce-e001-4563-808a-08e89c66a465,task3_llm_fuse_process_filter_and_decide,5b02abce-e001-4563-808a-08e89c66a465-task3_llm_fuse_process_filter_and_decide,1754139926.0197294,1754139926.0222294,1754139999.9540522,1754140055.2578747,55.30382251739502,1754140055.700916,129.23564529418945,129.6811866760254
9a9e376c-0089-4a3e-8480-f05df35ae465,5b02abce-e001-4563-808a-08e89c66a465,task4_book_reservation,5b02abce-e001-4563-808a-08e89c66a465-task4_book_reservation,1754139926.0197294,1754139926.0222294,1754140057.560195,1754140057.7440767,0.1838817596435547,1754140057.8485425,131.7218472957611,131.8288130760193
bb6f6cc9-acbc-4981-8408-f7efdde1b6ff,e3907f74-a555-4362-bdf3-99e0580e5394,task1_start_receive_task,e3907f74-a555-4362-bdf3-99e0580e5394-task1_start_receive_task,1754139927.1220384,1754139927.124535,1754139929.0534198,1754139929.0637255,0.010305643081665039,1754139930.9509265,1.93919038772583,3.828888177871704
bb6f6cc9-acbc-4981-8408-f7efdde1b6ff,e3907f74-a555-4362-bdf3-99e0580e5394,task2_read_file,e3907f74-a555-4362-bdf3-99e0580e5394-task2_read_file,1754139927.1220384,1754139927.124535,1754139932.2607536,1754139932.2710502,0.01029658317565918,1754139941.4615443,5.146515130996704,14.339505910873413
bb6f6cc9-acbc-4981-8408-f7efdde1b6ff,e3907f74-a555-4362-bdf3-99e0580e5394,task3_file_process,e3907f74-a555-4362-bdf3-99e0580e5394-task3_file_process,1754139927.1220384,1754139927.124535,1754139944.012889,1754139944.244958,0.2320690155029297,1754139960.6029649,17.120422840118408,33.480926513671875
bb6f6cc9-acbc-4981-8408-f7efdde1b6ff,e3907f74-a555-4362-bdf3-99e0580e5394,task4a_vlm_process,e3907f74-a555-4362-bdf3-99e0580e5394-task4a_vlm_process,1754139927.1220384,1754139927.124535,1754139964.648021,1754140105.9616246,141.31360363960266,1754140106.0966792,178.83708953857422,178.97464084625244
bb6f6cc9-acbc-4981-8408-f7efdde1b6ff,e3907f74-a555-4362-bdf3-99e0580e5394,task4b_vlm_process,e3907f74-a555-4362-bdf3-99e0580e5394-task4b_vlm_process,1754139927.1220384,1754139927.124535,1754139964.6746805,1754140104.2236598,139.54897928237915,1754140104.391698,177.0991246700287,177.26965951919556
bb6f6cc9-acbc-4981-8408-f7efdde1b6ff,e3907f74-a555-4362-bdf3-99e0580e5394,task4c_vlm_process,e3907f74-a555-4362-bdf3-99e0580e5394-task4c_vlm_process,1754139927.1220384,1754139927.124535,1754139973.6225085,1754140102.3062336,128.68372511863708,1754140102.4780111,175.18169856071472,175.35597276687622
bb6f6cc9-acbc-4981-8408-f7efdde1b6ff,e3907f74-a555-4362-bdf3-99e0580e5394,task4d_vlm_process,e3907f74-a555-4362-bdf3-99e0580e5394-task4d_vlm_process,1754139927.1220384,1754139927.124535,1754139986.3756316,1754140126.1369042,139.7612726688385,1754140126.259884,199.0123691558838,199.1378457546234
bb6f6cc9-acbc-4981-8408-f7efdde1b6ff,e3907f74-a555-4362-bdf3-99e0580e5394,task4_merge_results,e3907f74-a555-4362-bdf3-99e0580e5394-task4_merge_results,1754139927.1220384,1754139927.124535,1754140128.0455954,1754140128.053508,0.007912635803222656,1754140128.0934978,200.92897295951843,200.9714593887329
bb6f6cc9-acbc-4981-8408-f7efdde1b6ff,e3907f74-a555-4362-bdf3-99e0580e5394,task5_output_final_answer,e3907f74-a555-4362-bdf3-99e0580e5394-task5_output_final_answer,1754139927.1220384,1754139927.124535,1754140129.3389838,1754140129.343931,0.004947185516357422,1754140129.3970954,202.2193958759308,202.27505707740784
66178938-a45d-44c9-971d-a68c975c83ac,74dfaa69-54f1-42e0-a244-19392d3240fb,task1_start_receive_task,74dfaa69-54f1-42e0-a244-19392d3240fb-task1_start_receive_task,1754140112.703709,1754140112.706195,1754140114.5031626,1754140114.5126,0.009437322616577148,1754140126.300641,1.8064048290252686,13.596932172775269
66178938-a45d-44c9-971d-a68c975c83ac,74dfaa69-54f1-42e0-a244-19392d3240fb,task2_read_file,74dfaa69-54f1-42e0-a244-19392d3240fb-task2_read_file,1754140112.703709,1754140112.706195,1754140128.039629,1754140128.0494876,0.00985860824584961,1754140128.1040354,15.343292474746704,15.400326490402222
66178938-a45d-44c9-971d-a68c975c83ac,74dfaa69-54f1-42e0-a244-19392d3240fb,task3_file_process,74dfaa69-54f1-42e0-a244-19392d3240fb-task3_file_process,1754140112.703709,1754140112.706195,1754140130.5644531,1754140130.81681,0.25235676765441895,1754140130.8794255,18.110614776611328,18.175716638565063
66178938-a45d-44c9-971d-a68c975c83ac,74dfaa69-54f1-42e0-a244-19392d3240fb,task4a_vlm_process,74dfaa69-54f1-42e0-a244-19392d3240fb-task4a_vlm_process,1754140112.703709,1754140112.706195,1754140134.8481514,1754140289.1928928,154.3447413444519,1754140289.3510544,176.4866976737976,176.64734554290771
66178938-a45d-44c9-971d-a68c975c83ac,74dfaa69-54f1-42e0-a244-19392d3240fb,task4b_vlm_process,74dfaa69-54f1-42e0-a244-19392d3240fb-task4b_vlm_process,1754140112.703709,1754140112.706195,1754140150.1625237,1754140285.0131428,134.8506190776825,1754140285.18541,172.30694770812988,172.48170113563538
66178938-a45d-44c9-971d-a68c975c83ac,74dfaa69-54f1-42e0-a244-19392d3240fb,task4c_vlm_process,74dfaa69-54f1-42e0-a244-19392d3240fb-task4c_vlm_process,1754140112.703709,1754140112.706195,1754140134.9440258,1754140270.9049108,135.9608850479126,1754140270.9999437,158.1987156867981,158.2962348461151
66178938-a45d-44c9-971d-a68c975c83ac,74dfaa69-54f1-42e0-a244-19392d3240fb,task4d_vlm_process,74dfaa69-54f1-42e0-a244-19392d3240fb-task4d_vlm_process,1754140112.703709,1754140112.706195,1754140144.5716188,1754140294.6287823,150.05716347694397,1754140294.8181496,181.92258715629578,182.11444067955017
66178938-a45d-44c9-971d-a68c975c83ac,74dfaa69-54f1-42e0-a244-19392d3240fb,task4_merge_results,74dfaa69-54f1-42e0-a244-19392d3240fb-task4_merge_results,1754140112.703709,1754140112.706195,1754140296.6737127,1754140296.6821148,0.008402109146118164,1754140296.7617593,183.97591972351074,184.05805039405823
66178938-a45d-44c9-971d-a68c975c83ac,74dfaa69-54f1-42e0-a244-19392d3240fb,task5_output_final_answer,74dfaa69-54f1-42e0-a244-19392d3240fb-task5_output_final_answer,1754140112.703709,1754140112.706195,1754140298.592284,1754140298.5967956,0.004511594772338867,1754140298.6679122,185.89060044288635,185.96420335769653
abc11426-7074-4dc5-882b-c1ac0cead551,42bf5348-ce7d-4b5b-8cd3-480642c4ff8e,task1_start_receive_task,42bf5348-ce7d-4b5b-8cd3-480642c4ff8e-task1_start_receive_task,1754140207.3717332,1754140207.3743122,1754140209.2945244,1754140209.2989817,0.004457235336303711,1754140219.0387983,1.9246695041656494,11.667065143585205
abc11426-7074-4dc5-882b-c1ac0cead551,42bf5348-ce7d-4b5b-8cd3-480642c4ff8e,task2_read_file_and_split_questions,42bf5348-ce7d-4b5b-8cd3-480642c4ff8e-task2_read_file_and_split_questions,1754140207.3717332,1754140207.3743122,1754140220.3720334,1754140220.3773098,0.00527644157409668,1754140271.0923378,13.002997636795044,63.72060465812683
abc11426-7074-4dc5-882b-c1ac0cead551,42bf5348-ce7d-4b5b-8cd3-480642c4ff8e,task3_language_detect,42bf5348-ce7d-4b5b-8cd3-480642c4ff8e-task3_language_detect,1754140207.3717332,1754140207.3743122,1754140272.9608796,1754140276.1559856,3.195106029510498,1754140276.205268,68.78167343139648,68.83353471755981
abc11426-7074-4dc5-882b-c1ac0cead551,42bf5348-ce7d-4b5b-8cd3-480642c4ff8e,task4_translate_text,42bf5348-ce7d-4b5b-8cd3-480642c4ff8e-task4_translate_text,1754140207.3717332,1754140207.3743122,1754140279.6644204,1754140279.6895106,0.02509021759033203,1754140279.8137789,72.31519842147827,72.44204568862915
abc11426-7074-4dc5-882b-c1ac0cead551,42bf5348-ce7d-4b5b-8cd3-480642c4ff8e,task5a_text_analysis_summarize,42bf5348-ce7d-4b5b-8cd3-480642c4ff8e-task5a_text_analysis_summarize,1754140207.3717332,1754140207.3743122,1754140282.850181,1754140292.918484,10.068302869796753,1754140293.1505103,85.54417181015015,85.77877712249756
abc11426-7074-4dc5-882b-c1ac0cead551,42bf5348-ce7d-4b5b-8cd3-480642c4ff8e,task5b_text_analysis_sentiment,42bf5348-ce7d-4b5b-8cd3-480642c4ff8e-task5b_text_analysis_sentiment,1754140207.3717332,1754140207.3743122,1754140296.7377527,1754140297.9205737,1.1828210353851318,1754140298.0154438,90.54626154899597,90.64371061325073
abc11426-7074-4dc5-882b-c1ac0cead551,42bf5348-ce7d-4b5b-8cd3-480642c4ff8e,task6_prepare_llm_batches,42bf5348-ce7d-4b5b-8cd3-480642c4ff8e-task6_prepare_llm_batches,1754140207.3717332,1754140207.3743122,1754140299.905632,1754140299.948793,0.04316091537475586,1754140299.9712756,92.57448077201843,92.59954237937927
abc11426-7074-4dc5-882b-c1ac0cead551,42bf5348-ce7d-4b5b-8cd3-480642c4ff8e,task7a_llm_process_batch_1,42bf5348-ce7d-4b5b-8cd3-480642c4ff8e-task7a_llm_process_batch_1,1754140207.3717332,1754140207.3743122,1754140306.143507,1754140430.0212474,123.8777403831482,1754140430.2967143,222.64693522453308,222.92498111724854
abc11426-7074-4dc5-882b-c1ac0cead551,42bf5348-ce7d-4b5b-8cd3-480642c4ff8e,task7b_llm_process_batch_2,42bf5348-ce7d-4b5b-8cd3-480642c4ff8e-task7b_llm_process_batch_2,1754140207.3717332,1754140207.3743122,1754140404.6359603,1754140404.640557,0.004596710205078125,1754140404.6892262,197.26624488830566,197.31749296188354
abc11426-7074-4dc5-882b-c1ac0cead551,42bf5348-ce7d-4b5b-8cd3-480642c4ff8e,task7c_llm_process_batch_3,42bf5348-ce7d-4b5b-8cd3-480642c4ff8e-task7c_llm_process_batch_3,1754140207.3717332,1754140207.3743122,1754140405.8188314,1754140405.8235865,0.0047550201416015625,1754140405.942736,198.44927430152893,198.5710027217865
abc11426-7074-4dc5-882b-c1ac0cead551,42bf5348-ce7d-4b5b-8cd3-480642c4ff8e,task8_merge_answers,42bf5348-ce7d-4b5b-8cd3-480642c4ff8e-task8_merge_answers,1754140207.3717332,1754140207.3743122,1754140432.1483526,1754140432.1543891,0.006036520004272461,1754140432.1935642,224.78007698059082,224.8218309879303
abc11426-7074-4dc5-882b-c1ac0cead551,42bf5348-ce7d-4b5b-8cd3-480642c4ff8e,task9_output_final_answer,42bf5348-ce7d-4b5b-8cd3-480642c4ff8e-task9_output_final_answer,1754140207.3717332,1754140207.3743122,1754140433.5437424,1754140433.548115,0.004372596740722656,1754140433.5971582,226.17380285263062,226.2254250049591
c7c3abcb-9bdf-4e03-93fd-5eff02c8a7f4,2da20b81-27f6-4066-bfba-c875c1e00287,task1_start_receive_task,2da20b81-27f6-4066-bfba-c875c1e00287-task1_start_receive_task,1754140241.384928,1754140241.387421,1754140273.0493696,1754140273.0614095,0.012039899826049805,1754140273.0974512,31.673988580703735,31.712523221969604
c7c3abcb-9bdf-4e03-93fd-5eff02c8a7f4,2da20b81-27f6-4066-bfba-c875c1e00287,task2_read_file,2da20b81-27f6-4066-bfba-c875c1e00287-task2_read_file,1754140241.384928,1754140241.387421,1754140274.420488,1754140274.432841,0.012352943420410156,1754140274.461485,33.04542016983032,33.07655692100525
c7c3abcb-9bdf-4e03-93fd-5eff02c8a7f4,2da20b81-27f6-4066-bfba-c875c1e00287,task3_file_process,2da20b81-27f6-4066-bfba-c875c1e00287-task3_file_process,1754140241.384928,1754140241.387421,1754140276.993401,1754140277.2809806,0.2875795364379883,1754140277.3581178,35.89355969429016,35.97318983078003
c7c3abcb-9bdf-4e03-93fd-5eff02c8a7f4,2da20b81-27f6-4066-bfba-c875c1e00287,task4a_vlm_process,2da20b81-27f6-4066-bfba-c875c1e00287-task4a_vlm_process,1754140241.384928,1754140241.387421,1754140281.3011703,1754140408.466319,127.16514873504639,1754140408.6353471,167.07889819145203,167.25041913986206
c7c3abcb-9bdf-4e03-93fd-5eff02c8a7f4,2da20b81-27f6-4066-bfba-c875c1e00287,task4b_vlm_process,2da20b81-27f6-4066-bfba-c875c1e00287-task4b_vlm_process,1754140241.384928,1754140241.387421,1754140288.6409502,1754140406.4926457,117.85169553756714,1754140406.6452253,165.10522484779358,165.2602972984314
c7c3abcb-9bdf-4e03-93fd-5eff02c8a7f4,2da20b81-27f6-4066-bfba-c875c1e00287,task4c_vlm_process,2da20b81-27f6-4066-bfba-c875c1e00287-task4c_vlm_process,1754140241.384928,1754140241.387421,1754140293.3645017,1754140425.7092505,132.34474873542786,1754140425.884111,184.32182955741882,184.49918293952942
c7c3abcb-9bdf-4e03-93fd-5eff02c8a7f4,2da20b81-27f6-4066-bfba-c875c1e00287,task4d_vlm_process,2da20b81-27f6-4066-bfba-c875c1e00287-task4d_vlm_process,1754140241.384928,1754140241.387421,1754140296.3228378,1754140440.7174306,144.3945927619934,1754140440.873906,199.3300096988678,199.48897790908813
c7c3abcb-9bdf-4e03-93fd-5eff02c8a7f4,2da20b81-27f6-4066-bfba-c875c1e00287,task4_merge_results,2da20b81-27f6-4066-bfba-c875c1e00287-task4_merge_results,1754140241.384928,1754140241.387421,1754140442.2367444,1754140442.2450786,0.008334159851074219,1754140442.2696757,200.85765767097473,200.88474774360657
c7c3abcb-9bdf-4e03-93fd-5eff02c8a7f4,2da20b81-27f6-4066-bfba-c875c1e00287,task5_output_final_answer,2da20b81-27f6-4066-bfba-c875c1e00287-task5_output_final_answer,1754140241.384928,1754140241.387421,1754140444.2192068,1754140444.22396,0.00475311279296875,1754140444.2755253,202.83653903007507,202.89059734344482
5f2b2e54-5047-4394-81be-198230c3b508,0f7b92d9-143b-42c3-b5d5-6823ee5e0f0e,task1_file_process,0f7b92d9-143b-42c3-b5d5-6823ee5e0f0e-task1_file_process,1754140230.647721,1754140230.6502037,1754140232.580418,1754140232.8612273,0.2808091640472412,1754140271.1030445,2.2110235691070557,40.455323457717896
5f2b2e54-5047-4394-81be-198230c3b508,0f7b92d9-143b-42c3-b5d5-6823ee5e0f0e,task2_llm_process_qwen,0f7b92d9-143b-42c3-b5d5-6823ee5e0f0e-task2_llm_process_qwen,1754140230.647721,1754140230.6502037,1754140272.5073445,1754140401.7915566,129.28421211242676,1754140402.1860964,171.141352891922,171.53837537765503
5f2b2e54-5047-4394-81be-198230c3b508,0f7b92d9-143b-42c3-b5d5-6823ee5e0f0e,task3_llm_process_deepseek,0f7b92d9-143b-42c3-b5d5-6823ee5e0f0e-task3_llm_process_deepseek,1754140230.647721,1754140230.6502037,1754140272.9732208,1754140391.0656898,118.09246897697449,1754140391.4594362,160.41548609733582,160.8117151260376
5f2b2e54-5047-4394-81be-198230c3b508,0f7b92d9-143b-42c3-b5d5-6823ee5e0f0e,task4_llm_fuse_answer,0f7b92d9-143b-42c3-b5d5-6823ee5e0f0e-task4_llm_fuse_answer,1754140230.647721,1754140230.6502037,1754140410.3910437,1754140497.1207376,86.72969388961792,1754140497.5902755,266.47053384780884,266.94255447387695
e9384ee0-12a0-47b4-a153-88777124ffc3,8e8925b8-29e7-49e5-b51b-733d10bc5ae9,task1_start_receive_task,8e8925b8-29e7-49e5-b51b-733d10bc5ae9-task1_start_receive_task,1754140220.0197434,1754140220.0223117,1754140272.307035,1754140272.317618,0.010582923889160156,1754140272.3957453,52.29530620574951,52.376001834869385
e9384ee0-12a0-47b4-a153-88777124ffc3,8e8925b8-29e7-49e5-b51b-733d10bc5ae9,task2_read_and_enhance_images,8e8925b8-29e7-49e5-b51b-733d10bc5ae9-task2_read_and_enhance_images,1754140220.0197434,1754140220.0223117,1754140274.2645388,1754140274.3644416,0.09990286827087402,1754140274.4507902,54.342129945755005,54.43104672431946
e9384ee0-12a0-47b4-a153-88777124ffc3,8e8925b8-29e7-49e5-b51b-733d10bc5ae9,task3a_extract_blip_captions,8e8925b8-29e7-49e5-b51b-733d10bc5ae9-task3a_extract_blip_captions,1754140220.0197434,1754140220.0223117,1754140277.8478405,1754140285.9849675,8.137126922607422,1754140286.129789,65.96265578269958,66.11004567146301
e9384ee0-12a0-47b4-a153-88777124ffc3,8e8925b8-29e7-49e5-b51b-733d10bc5ae9,task3b_extract_ocr_text,8e8925b8-29e7-49e5-b51b-733d10bc5ae9-task3b_extract_ocr_text,1754140220.0197434,1754140220.0223117,1754140288.6363375,1754140291.933232,3.2968945503234863,1754140292.0470586,71.91092038154602,72.02731513977051
e9384ee0-12a0-47b4-a153-88777124ffc3,8e8925b8-29e7-49e5-b51b-733d10bc5ae9,task4_merge_image_features,8e8925b8-29e7-49e5-b51b-733d10bc5ae9-task4_merge_image_features,1754140220.0197434,1754140220.0223117,1754140294.5617497,1754140294.6831846,0.12143492698669434,1754140294.829167,74.66087293624878,74.80942344665527
e9384ee0-12a0-47b4-a153-88777124ffc3,8e8925b8-29e7-49e5-b51b-733d10bc5ae9,task5a_vlm_process,8e8925b8-29e7-49e5-b51b-733d10bc5ae9-task5a_vlm_process,1754140220.0197434,1754140220.0223117,1754140296.7863626,1754140437.7619846,140.97562193870544,1754140438.2164898,217.73967289924622,218.19674634933472
e9384ee0-12a0-47b4-a153-88777124ffc3,8e8925b8-29e7-49e5-b51b-733d10bc5ae9,task5b_vlm_process,8e8925b8-29e7-49e5-b51b-733d10bc5ae9-task5b_vlm_process,1754140220.0197434,1754140220.0223117,1754140406.4923987,1754140534.6401322,128.1477334499359,1754140535.0086036,314.6178205013275,314.98886013031006
e9384ee0-12a0-47b4-a153-88777124ffc3,8e8925b8-29e7-49e5-b51b-733d10bc5ae9,task5c_vlm_process,8e8925b8-29e7-49e5-b51b-733d10bc5ae9-task5c_vlm_process,1754140220.0197434,1754140220.0223117,1754140408.450224,1754140532.4944255,124.04420161247253,1754140532.9030244,312.47211384773254,312.88328099250793
e9384ee0-12a0-47b4-a153-88777124ffc3,8e8925b8-29e7-49e5-b51b-733d10bc5ae9,task5d_vlm_process,8e8925b8-29e7-49e5-b51b-733d10bc5ae9-task5d_vlm_process,1754140220.0197434,1754140220.0223117,1754140407.2239351,1754140555.996904,148.7729687690735,1754140556.3960612,335.9745922088623,336.3763177394867
e9384ee0-12a0-47b4-a153-88777124ffc3,8e8925b8-29e7-49e5-b51b-733d10bc5ae9,task5_merge_results,8e8925b8-29e7-49e5-b51b-733d10bc5ae9-task5_merge_results,1754140220.0197434,1754140220.0223117,1754140557.700907,1754140557.708026,0.007118940353393555,1754140566.3572862,337.68571424484253,346.3375427722931
e9384ee0-12a0-47b4-a153-88777124ffc3,8e8925b8-29e7-49e5-b51b-733d10bc5ae9,task6_output_final_answer,8e8925b8-29e7-49e5-b51b-733d10bc5ae9-task6_output_final_answer,1754140220.0197434,1754140220.0223117,1754140568.2483933,1754140568.2530756,0.004682302474975586,1754140568.313523,348.2307639122009,348.2937796115875
037cb165-36ae-4b19-b45e-af00eafac2a2,0f4d0d2f-55b7-4f4b-aeb2-912a6af1813d,task1_start_receive_task,0f4d0d2f-55b7-4f4b-aeb2-912a6af1813d-task1_start_receive_task,1754140260.607734,1754140260.610305,1754140273.7158856,1754140273.724444,0.008558273315429688,1754140273.7991586,13.114138841629028,13.19142460823059
037cb165-36ae-4b19-b45e-af00eafac2a2,0f4d0d2f-55b7-4f4b-aeb2-912a6af1813d,task2_read_and_enhance_images,0f4d0d2f-55b7-4f4b-aeb2-912a6af1813d-task2_read_and_enhance_images,1754140260.607734,1754140260.610305,1754140275.6922736,1754140275.7844121,0.09213852882385254,1754140275.854152,15.174107074737549,15.246417999267578
037cb165-36ae-4b19-b45e-af00eafac2a2,0f4d0d2f-55b7-4f4b-aeb2-912a6af1813d,task3a_extract_blip_captions,0f4d0d2f-55b7-4f4b-aeb2-912a6af1813d-task3a_extract_blip_captions,1754140260.607734,1754140260.610305,1754140394.7362785,1754140402.6889262,7.952647686004639,1754140402.8278446,142.0786211490631,142.22011065483093
037cb165-36ae-4b19-b45e-af00eafac2a2,0f4d0d2f-55b7-4f4b-aeb2-912a6af1813d,task3b_extract_ocr_text,0f4d0d2f-55b7-4f4b-aeb2-912a6af1813d-task3b_extract_ocr_text,1754140260.607734,1754140260.610305,1754140300.5321074,1754140303.5708432,3.038735866546631,1754140303.6310441,42.960538148880005,43.02331018447876
037cb165-36ae-4b19-b45e-af00eafac2a2,0f4d0d2f-55b7-4f4b-aeb2-912a6af1813d,task4_merge_image_features,0f4d0d2f-55b7-4f4b-aeb2-912a6af1813d-task4_merge_image_features,1754140260.607734,1754140260.610305,1754140405.2068095,1754140405.31095,0.1041405200958252,1754140405.3832283,144.70064496994019,144.7754943370819
037cb165-36ae-4b19-b45e-af00eafac2a2,0f4d0d2f-55b7-4f4b-aeb2-912a6af1813d,task5a_vlm_process,0f4d0d2f-55b7-4f4b-aeb2-912a6af1813d-task5a_vlm_process,1754140260.607734,1754140260.610305,1754140440.126646,1754140566.7060666,126.57942056655884,1754140567.171705,306.0957615375519,306.56397104263306
037cb165-36ae-4b19-b45e-af00eafac2a2,0f4d0d2f-55b7-4f4b-aeb2-912a6af1813d,task5b_vlm_process,0f4d0d2f-55b7-4f4b-aeb2-912a6af1813d-task5b_vlm_process,1754140260.607734,1754140260.610305,1754140427.6921077,1754140565.8819866,138.18987894058228,1754140566.2649236,305.2716815471649,305.65718960762024
037cb165-36ae-4b19-b45e-af00eafac2a2,0f4d0d2f-55b7-4f4b-aeb2-912a6af1813d,task5c_vlm_process,0f4d0d2f-55b7-4f4b-aeb2-912a6af1813d-task5c_vlm_process,1754140260.607734,1754140260.610305,1754140442.6881397,1754140567.2526667,124.56452703475952,1754140567.7195835,306.6423616409302,307.1118495464325
037cb165-36ae-4b19-b45e-af00eafac2a2,0f4d0d2f-55b7-4f4b-aeb2-912a6af1813d,task5d_vlm_process,0f4d0d2f-55b7-4f4b-aeb2-912a6af1813d-task5d_vlm_process,1754140260.607734,1754140260.610305,1754140431.644984,1754140573.1014247,141.45644068717957,1754140573.483924,312.4911196231842,312.8761899471283
037cb165-36ae-4b19-b45e-af00eafac2a2,0f4d0d2f-55b7-4f4b-aeb2-912a6af1813d,task5_merge_results,0f4d0d2f-55b7-4f4b-aeb2-912a6af1813d-task5_merge_results,1754140260.607734,1754140260.610305,1754140575.313959,1754140575.3210151,0.007056236267089844,1754140575.3798585,314.71071004867554,314.7721245288849
037cb165-36ae-4b19-b45e-af00eafac2a2,0f4d0d2f-55b7-4f4b-aeb2-912a6af1813d,task6_output_final_answer,0f4d0d2f-55b7-4f4b-aeb2-912a6af1813d-task6_output_final_answer,1754140260.607734,1754140260.610305,1754140576.6941721,1754140576.6985996,0.004427433013916016,1754140576.7448618,316.088294506073,316.13712787628174
e51753c7-3ef3-4404-a352-11a18e5760c9,777cc0dc-a40d-4e7f-b377-742a25a4131d,task1_obtain_content,777cc0dc-a40d-4e7f-b377-742a25a4131d-task1_obtain_content,1754140348.2397435,1754140348.2423184,1754140349.4375432,1754140349.5331974,0.09565424919128418,1754140350.3001683,1.2908790111541748,2.0604248046875
e51753c7-3ef3-4404-a352-11a18e5760c9,777cc0dc-a40d-4e7f-b377-742a25a4131d,task2_vlm_process,777cc0dc-a40d-4e7f-b377-742a25a4131d-task2_vlm_process,1754140348.2397435,1754140348.2423184,1754140568.1204395,1754140692.795553,124.67511343955994,1754140693.1949148,344.55323457717896,344.95517134666443
e51753c7-3ef3-4404-a352-11a18e5760c9,777cc0dc-a40d-4e7f-b377-742a25a4131d,task3_output_final_answer,777cc0dc-a40d-4e7f-b377-742a25a4131d-task3_output_final_answer,1754140348.2397435,1754140348.2423184,1754140695.006007,1754140695.010357,0.004349946975708008,1754140695.0921066,346.76803851127625,346.8523631095886
2f57f421-94ea-4a1a-a0c0-976124c96465,0e08232e-3e66-4d45-9935-30a22ec662cc,task0_init,0e08232e-3e66-4d45-9935-30a22ec662cc-task0_init,1754140398.3917315,1754140398.3941727,1754140400.2031584,1754140400.292674,0.08951568603515625,1754140400.3723986,1.8985013961791992,1.9806671142578125
2f57f421-94ea-4a1a-a0c0-976124c96465,0e08232e-3e66-4d45-9935-30a22ec662cc,task1_llm_process,0e08232e-3e66-4d45-9935-30a22ec662cc-task1_llm_process,1754140398.3917315,1754140398.3941727,1754140569.1843703,1754140695.907412,126.72304177284241,1754140696.3541777,297.5132393836975,297.96244621276855
2f57f421-94ea-4a1a-a0c0-976124c96465,0e08232e-3e66-4d45-9935-30a22ec662cc,task2a_find_user,0e08232e-3e66-4d45-9935-30a22ec662cc-task2a_find_user,1754140398.3917315,1754140398.3941727,1754140698.7561126,1754140698.7573578,0.001245260238647461,1754140698.8546681,300.3631851673126,300.46293663978577
2f57f421-94ea-4a1a-a0c0-976124c96465,0e08232e-3e66-4d45-9935-30a22ec662cc,task2b_get_order_details,0e08232e-3e66-4d45-9935-30a22ec662cc-task2b_get_order_details,1754140398.3917315,1754140398.3941727,1754140698.7521846,1754140698.8376365,0.08545184135437012,1754140698.9553115,300.44346380233765,300.56358003616333
2f57f421-94ea-4a1a-a0c0-976124c96465,0e08232e-3e66-4d45-9935-30a22ec662cc,task3_execute_operations,0e08232e-3e66-4d45-9935-30a22ec662cc-task3_execute_operations,1754140398.3917315,1754140398.3941727,1754140701.2464504,1754140701.3304863,0.08403587341308594,1754140701.4632077,302.9363136291504,303.0714762210846
2f57f421-94ea-4a1a-a0c0-976124c96465,0e08232e-3e66-4d45-9935-30a22ec662cc,task4_output_result,0e08232e-3e66-4d45-9935-30a22ec662cc-task4_output_result,1754140398.3917315,1754140398.3941727,1754140703.300964,1754140703.3019884,0.0010242462158203125,1754140703.3686407,304.90781569480896,304.976909160614
b991b184-e25a-42e6-8d42-7b0a7e2eefca,94bb5b3a-1b0d-49f5-b84d-d4b20d1d162b,task0_init,94bb5b3a-1b0d-49f5-b84d-d4b20d1d162b-task0_init,1754140406.3517225,1754140406.3541358,1754140408.243045,1754140408.3415725,0.09852743148803711,1754140408.3901649,1.9874367713928223,2.038442373275757
b991b184-e25a-42e6-8d42-7b0a7e2eefca,94bb5b3a-1b0d-49f5-b84d-d4b20d1d162b,task1_llm_process,94bb5b3a-1b0d-49f5-b84d-d4b20d1d162b-task1_llm_process,1754140406.3517225,1754140406.3541358,1754140569.0649369,1754140703.9185479,134.85361099243164,1754140704.3293703,297.5644121170044,297.97764778137207
b991b184-e25a-42e6-8d42-7b0a7e2eefca,94bb5b3a-1b0d-49f5-b84d-d4b20d1d162b,task2a_find_user,94bb5b3a-1b0d-49f5-b84d-d4b20d1d162b-task2a_find_user,1754140406.3517225,1754140406.3541358,1754140706.6251655,1754140706.63037,0.005204439163208008,1754140706.6776164,300.27623414993286,300.32589387893677
b991b184-e25a-42e6-8d42-7b0a7e2eefca,94bb5b3a-1b0d-49f5-b84d-d4b20d1d162b,task2b_get_order_details,94bb5b3a-1b0d-49f5-b84d-d4b20d1d162b-task2b_get_order_details,1754140406.3517225,1754140406.3541358,1754140706.6807292,1754140706.763305,0.08257579803466797,1754140706.8282847,300.4091691970825,300.4765622615814
b991b184-e25a-42e6-8d42-7b0a7e2eefca,94bb5b3a-1b0d-49f5-b84d-d4b20d1d162b,task3_execute_modifications,94bb5b3a-1b0d-49f5-b84d-d4b20d1d162b-task3_execute_modifications,1754140406.3517225,1754140406.3541358,1754140708.5378127,1754140708.6173832,0.07957053184509277,1754140708.6836069,302.2632474899292,302.3318843841553
b991b184-e25a-42e6-8d42-7b0a7e2eefca,94bb5b3a-1b0d-49f5-b84d-d4b20d1d162b,task4_output_result,94bb5b3a-1b0d-49f5-b84d-d4b20d1d162b-task4_output_result,1754140406.3517225,1754140406.3541358,1754140710.5504503,1754140710.5514786,0.001028299331665039,1754140710.5893316,304.19734287261963,304.2376091480255
67e8878b-5cef-4375-804e-e6291fdbe78a,d5ea331a-e87f-4852-90b4-953b3da02c08,task1_file_process,d5ea331a-e87f-4852-90b4-953b3da02c08-task1_file_process,1754140329.9997277,1754140330.0023177,1754140332.2647443,1754140332.8563075,0.5915632247924805,1754140333.508371,2.853989839553833,3.508643388748169
67e8878b-5cef-4375-804e-e6291fdbe78a,d5ea331a-e87f-4852-90b4-953b3da02c08,task2_llm_process_qwen,d5ea331a-e87f-4852-90b4-953b3da02c08-task2_llm_process_qwen,1754140329.9997277,1754140330.0023177,1754140536.950804,1754140636.6064103,99.65560626983643,1754140637.0024037,306.6040925979614,307.00267601013184
67e8878b-5cef-4375-804e-e6291fdbe78a,d5ea331a-e87f-4852-90b4-953b3da02c08,task3_llm_process_deepseek,d5ea331a-e87f-4852-90b4-953b3da02c08-task3_llm_process_deepseek,1754140329.9997277,1754140330.0023177,1754140558.2915556,1754140657.083888,98.79233241081238,1754140657.5040057,327.0815703868866,327.5042779445648
67e8878b-5cef-4375-804e-e6291fdbe78a,d5ea331a-e87f-4852-90b4-953b3da02c08,task4_llm_fuse_answer,d5ea331a-e87f-4852-90b4-953b3da02c08-task4_llm_fuse_answer,1754140329.9997277,1754140330.0023177,1754140658.804504,1754140742.5750232,83.7705192565918,1754140743.0331433,412.57270550727844,413.033415555954
4d51c4bf-4b0e-4f3d-897b-3f6687a7d9f2,59711b14-50f7-4f3f-a17c-e16a063659bf,task1_file_process,59711b14-50f7-4f3f-a17c-e16a063659bf-task1_file_process,1754140300.0307167,1754140300.0377584,1754140301.8113792,1754140302.0918744,0.28049516677856445,1754140303.7316382,2.0541160106658936,3.7009215354919434
4d51c4bf-4b0e-4f3d-897b-3f6687a7d9f2,59711b14-50f7-4f3f-a17c-e16a063659bf,task2_llm_process_qwen,59711b14-50f7-4f3f-a17c-e16a063659bf-task2_llm_process_qwen,1754140300.0307167,1754140300.0377584,1754140499.0100281,1754140605.8781374,106.8681092262268,1754140606.3227658,305.8403789997101,306.2920491695404
4d51c4bf-4b0e-4f3d-897b-3f6687a7d9f2,59711b14-50f7-4f3f-a17c-e16a063659bf,task3_llm_process_deepseek,59711b14-50f7-4f3f-a17c-e16a063659bf-task3_llm_process_deepseek,1754140300.0307167,1754140300.0377584,1754140535.0072753,1754140631.8418531,96.83457779884338,1754140632.2399778,331.80409479141235,332.20926117897034
4d51c4bf-4b0e-4f3d-897b-3f6687a7d9f2,59711b14-50f7-4f3f-a17c-e16a063659bf,task4_llm_fuse_answer,59711b14-50f7-4f3f-a17c-e16a063659bf-task4_llm_fuse_answer,1754140300.0307167,1754140300.0377584,1754140639.903474,1754140742.1706543,102.26718020439148,1754140742.5825012,442.1328959465027,442.55178451538086
56a6505a-0fa7-4bcd-8b16-39651c115c21,f048a57f-1679-4901-89b4-1fc0c9df3ecb,task1_start_receive_task,f048a57f-1679-4901-89b4-1fc0c9df3ecb-task1_start_receive_task,1754140448.8397346,1754140448.8422415,1754140450.7083194,1754140450.7191503,0.010830879211425781,1754140457.8599021,1.876908779144287,9.020167589187622
56a6505a-0fa7-4bcd-8b16-39651c115c21,f048a57f-1679-4901-89b4-1fc0c9df3ecb,task2_read_file,f048a57f-1679-4901-89b4-1fc0c9df3ecb-task2_read_file,1754140448.8397346,1754140448.8422415,1754140459.1597826,1754140459.1705997,0.01081705093383789,1754140459.2144544,10.328358173370361,10.374719858169556
56a6505a-0fa7-4bcd-8b16-39651c115c21,f048a57f-1679-4901-89b4-1fc0c9df3ecb,task3_file_process,f048a57f-1679-4901-89b4-1fc0c9df3ecb-task3_file_process,1754140448.8397346,1754140448.8422415,1754140461.7948966,1754140462.0373635,0.24246692657470703,1754140462.1224215,13.195122003555298,13.282686948776245
56a6505a-0fa7-4bcd-8b16-39651c115c21,f048a57f-1679-4901-89b4-1fc0c9df3ecb,task4a_vlm_process,f048a57f-1679-4901-89b4-1fc0c9df3ecb-task4a_vlm_process,1754140448.8397346,1754140448.8422415,1754140610.4955435,1754140760.8479602,150.35241675376892,1754140761.0555031,312.00571870803833,312.21576857566833
56a6505a-0fa7-4bcd-8b16-39651c115c21,f048a57f-1679-4901-89b4-1fc0c9df3ecb,task4b_vlm_process,f048a57f-1679-4901-89b4-1fc0c9df3ecb-task4b_vlm_process,1754140448.8397346,1754140448.8422415,1754140697.2121835,1754140835.1010907,137.88890719413757,1754140835.2496157,386.25884914398193,386.4098811149597
56a6505a-0fa7-4bcd-8b16-39651c115c21,f048a57f-1679-4901-89b4-1fc0c9df3ecb,task4c_vlm_process,f048a57f-1679-4901-89b4-1fc0c9df3ecb-task4c_vlm_process,1754140448.8397346,1754140448.8422415,1754140640.524659,1754140788.1976268,147.6729679107666,1754140788.3423061,339.3553853034973,339.5025715827942
56a6505a-0fa7-4bcd-8b16-39651c115c21,f048a57f-1679-4901-89b4-1fc0c9df3ecb,task4d_vlm_process,f048a57f-1679-4901-89b4-1fc0c9df3ecb-task4d_vlm_process,1754140448.8397346,1754140448.8422415,1754140577.5087736,1754140714.8573174,137.34854388237,1754140715.0099301,266.01507592201233,266.1701955795288
56a6505a-0fa7-4bcd-8b16-39651c115c21,f048a57f-1679-4901-89b4-1fc0c9df3ecb,task4_merge_results,f048a57f-1679-4901-89b4-1fc0c9df3ecb-task4_merge_results,1754140448.8397346,1754140448.8422415,1754140837.0864673,1754140837.0952015,0.00873422622680664,1754140837.147504,388.25295996665955,388.30776953697205
56a6505a-0fa7-4bcd-8b16-39651c115c21,f048a57f-1679-4901-89b4-1fc0c9df3ecb,task5_output_final_answer,f048a57f-1679-4901-89b4-1fc0c9df3ecb-task5_output_final_answer,1754140448.8397346,1754140448.8422415,1754140838.4630473,1754140838.467878,0.004830837249755859,1754140838.5013878,389.6256365776062,389.6616532802582
aebaa7b3-5579-44fe-965b-d83c4e0e96c9,7bddaf9a-74be-4fe1-bd1f-3f422557bb66,task0_init,7bddaf9a-74be-4fe1-bd1f-3f422557bb66-task0_init,1754140574.4040225,1754140574.4064276,1754140575.7355626,1754140575.8291724,0.09360980987548828,1754140575.931363,1.4227447509765625,1.5273406505584717
aebaa7b3-5579-44fe-965b-d83c4e0e96c9,7bddaf9a-74be-4fe1-bd1f-3f422557bb66,task1_llm_process,7bddaf9a-74be-4fe1-bd1f-3f422557bb66-task1_llm_process,1754140574.4040225,1754140574.4064276,1754140789.6641426,1754140832.1931064,42.528963804244995,1754140832.5919392,257.78667879104614,258.18791675567627
aebaa7b3-5579-44fe-965b-d83c4e0e96c9,7bddaf9a-74be-4fe1-bd1f-3f422557bb66,task2_execute_cancel,7bddaf9a-74be-4fe1-bd1f-3f422557bb66-task2_execute_cancel,1754140574.4040225,1754140574.4064276,1754140834.8457928,1754140834.9296165,0.08382368087768555,1754140835.0406957,260.523188829422,260.6366732120514
aebaa7b3-5579-44fe-965b-d83c4e0e96c9,7bddaf9a-74be-4fe1-bd1f-3f422557bb66,task3_output_result,7bddaf9a-74be-4fe1-bd1f-3f422557bb66-task3_output_result,1754140574.4040225,1754140574.4064276,1754140836.3631685,1754140836.3681762,0.005007743835449219,1754140836.4452357,261.9617486000061,262.0412132740021
cca70ce6-1952-45d2-acd4-80c903b0bc49,c222b00b-569b-413d-b2af-e7c2faef9ab9,task1_obtain_content,c222b00b-569b-413d-b2af-e7c2faef9ab9-task1_obtain_content,1754140481.1038713,1754140481.1064222,1754140483.6175988,1754140483.6979554,0.08035659790039062,1754140492.39481,2.5915331840515137,11.29093861579895
cca70ce6-1952-45d2-acd4-80c903b0bc49,c222b00b-569b-413d-b2af-e7c2faef9ab9,task2_vlm_process,c222b00b-569b-413d-b2af-e7c2faef9ab9-task2_vlm_process,1754140481.1038713,1754140481.1064222,1754140710.5213625,1754140876.5603747,166.0390121936798,1754140877.005159,395.45395255088806,395.9012875556946
cca70ce6-1952-45d2-acd4-80c903b0bc49,c222b00b-569b-413d-b2af-e7c2faef9ab9,task3_output_final_answer,c222b00b-569b-413d-b2af-e7c2faef9ab9-task3_output_final_answer,1754140481.1038713,1754140481.1064222,1754140878.2952828,1754140878.3005838,0.005300998687744141,1754140878.3470137,397.1941616535187,397.2431423664093
d64c1007-8ca4-40ad-86fb-8a1ec583bdfd,c415b640-996c-4974-ac99-49a75765b3ec,task1_start_receive_task,c415b640-996c-4974-ac99-49a75765b3ec-task1_start_receive_task,1754140424.6597388,1754140424.6622994,1754140427.037023,1754140427.0485926,0.011569499969482422,1754140427.1305661,2.3862931728363037,2.470827341079712
d64c1007-8ca4-40ad-86fb-8a1ec583bdfd,c415b640-996c-4974-ac99-49a75765b3ec,task2_read_and_enhance_images,c415b640-996c-4974-ac99-49a75765b3ec-task2_read_and_enhance_images,1754140424.6597388,1754140424.6622994,1754140428.4820993,1754140428.5945284,0.11242914199829102,1754140428.684603,3.9322290420532227,4.024864196777344
d64c1007-8ca4-40ad-86fb-8a1ec583bdfd,c415b640-996c-4974-ac99-49a75765b3ec,task3a_extract_blip_captions,c415b640-996c-4974-ac99-49a75765b3ec-task3a_extract_blip_captions,1754140424.6597388,1754140424.6622994,1754140700.4731069,1754140709.0959017,8.62279486656189,1754140709.2354066,284.43360233306885,284.5756678581238
d64c1007-8ca4-40ad-86fb-8a1ec583bdfd,c415b640-996c-4974-ac99-49a75765b3ec,task3b_extract_ocr_text,c415b640-996c-4974-ac99-49a75765b3ec-task3b_extract_ocr_text,1754140424.6597388,1754140424.6622994,1754140635.1316323,1754140638.565134,3.433501720428467,1754140638.6485844,213.90283465385437,213.98884558677673
d64c1007-8ca4-40ad-86fb-8a1ec583bdfd,c415b640-996c-4974-ac99-49a75765b3ec,task4_merge_image_features,c415b640-996c-4974-ac99-49a75765b3ec-task4_merge_image_features,1754140424.6597388,1754140424.6622994,1754140711.823161,1754140711.9571364,0.13397550582885742,1754140712.0433185,287.29483699798584,287.38357973098755
d64c1007-8ca4-40ad-86fb-8a1ec583bdfd,c415b640-996c-4974-ac99-49a75765b3ec,task5a_vlm_process,c415b640-996c-4974-ac99-49a75765b3ec-task5a_vlm_process,1754140424.6597388,1754140424.6622994,1754140716.8517675,1754140842.4899328,125.63816523551941,1754140842.8210995,417.8276333808899,418.1613607406616
d64c1007-8ca4-40ad-86fb-8a1ec583bdfd,c415b640-996c-4974-ac99-49a75765b3ec,task5b_vlm_process,c415b640-996c-4974-ac99-49a75765b3ec-task5b_vlm_process,1754140424.6597388,1754140424.6622994,1754140762.9114547,1754140880.4665594,117.55510473251343,1754140880.8606343,455.80426001548767,456.2008955478668
d64c1007-8ca4-40ad-86fb-8a1ec583bdfd,c415b640-996c-4974-ac99-49a75765b3ec,task5c_vlm_process,c415b640-996c-4974-ac99-49a75765b3ec-task5c_vlm_process,1754140424.6597388,1754140424.6622994,1754140744.865677,1754140881.953022,137.08734488487244,1754140882.4144316,457.2907226085663,457.75469279289246
d64c1007-8ca4-40ad-86fb-8a1ec583bdfd,c415b640-996c-4974-ac99-49a75765b3ec,task5d_vlm_process,c415b640-996c-4974-ac99-49a75765b3ec-task5d_vlm_process,1754140424.6597388,1754140424.6622994,1754140743.892767,1754140875.0386388,131.1458718776703,1754140875.4491808,450.3763394355774,450.78944206237793
d64c1007-8ca4-40ad-86fb-8a1ec583bdfd,c415b640-996c-4974-ac99-49a75765b3ec,task5_merge_results,c415b640-996c-4974-ac99-49a75765b3ec-task5_merge_results,1754140424.6597388,1754140424.6622994,1754140884.3476317,1754140884.354663,0.00703120231628418,1754140884.4608746,459.6923635005951,459.8011357784271
d64c1007-8ca4-40ad-86fb-8a1ec583bdfd,c415b640-996c-4974-ac99-49a75765b3ec,task6_output_final_answer,c415b640-996c-4974-ac99-49a75765b3ec-task6_output_final_answer,1754140424.6597388,1754140424.6622994,1754140885.7773983,1754140885.7820132,0.004614830017089844,1754140885.8651116,461.11971378326416,461.20537281036377
855d994a-d5b1-40cf-81c1-e249375c2cea,fdc9fe8a-c877-4492-89a0-6e1e5b9b2c09,task1_start_receive_task,fdc9fe8a-c877-4492-89a0-6e1e5b9b2c09-task1_start_receive_task,1754140612.665795,1754140612.6680622,1754140614.5383315,1754140614.553116,0.014784574508666992,1754140614.6363368,1.8850538730621338,1.9705417156219482
855d994a-d5b1-40cf-81c1-e249375c2cea,fdc9fe8a-c877-4492-89a0-6e1e5b9b2c09,task2_read_file,fdc9fe8a-c877-4492-89a0-6e1e5b9b2c09-task2_read_file,1754140612.665795,1754140612.6680622,1754140615.887716,1754140615.9034777,0.015761613845825195,1754140615.9900699,3.235415458679199,3.324274778366089
855d994a-d5b1-40cf-81c1-e249375c2cea,fdc9fe8a-c877-4492-89a0-6e1e5b9b2c09,task3_file_process,fdc9fe8a-c877-4492-89a0-6e1e5b9b2c09-task3_file_process,1754140612.665795,1754140612.6680622,1754140618.5143306,1754140618.7701716,0.2558410167694092,1754140632.3321362,6.102109432220459,19.666341066360474
855d994a-d5b1-40cf-81c1-e249375c2cea,fdc9fe8a-c877-4492-89a0-6e1e5b9b2c09,task4a_vlm_process,fdc9fe8a-c877-4492-89a0-6e1e5b9b2c09-task4a_vlm_process,1754140612.665795,1754140612.6680622,1754140821.7779243,1754140943.6115701,121.83364582061768,1754140943.8040056,330.9435079097748,331.13821053504944
855d994a-d5b1-40cf-81c1-e249375c2cea,fdc9fe8a-c877-4492-89a0-6e1e5b9b2c09,task4b_vlm_process,fdc9fe8a-c877-4492-89a0-6e1e5b9b2c09-task4b_vlm_process,1754140612.665795,1754140612.6680622,1754140884.3165877,1754141028.6314726,144.31488490104675,1754141028.8311667,415.96341037750244,416.16537165641785
855d994a-d5b1-40cf-81c1-e249375c2cea,fdc9fe8a-c877-4492-89a0-6e1e5b9b2c09,task4c_vlm_process,fdc9fe8a-c877-4492-89a0-6e1e5b9b2c09-task4c_vlm_process,1754140612.665795,1754140612.6680622,1754140880.5328305,1754141005.3605983,124.8277678489685,1754141005.5516307,392.69253611564636,392.885835647583
855d994a-d5b1-40cf-81c1-e249375c2cea,fdc9fe8a-c877-4492-89a0-6e1e5b9b2c09,task4d_vlm_process,fdc9fe8a-c877-4492-89a0-6e1e5b9b2c09-task4d_vlm_process,1754140612.665795,1754140612.6680622,1754140879.538346,1754141003.077442,123.53909587860107,1754141003.2462425,390.40937972068787,390.580447435379
855d994a-d5b1-40cf-81c1-e249375c2cea,fdc9fe8a-c877-4492-89a0-6e1e5b9b2c09,task4_merge_results,fdc9fe8a-c877-4492-89a0-6e1e5b9b2c09-task4_merge_results,1754140612.665795,1754140612.6680622,1754141030.677355,1754141030.6851974,0.007842302322387695,1754141035.06267,418.01713514328003,422.39687490463257
855d994a-d5b1-40cf-81c1-e249375c2cea,fdc9fe8a-c877-4492-89a0-6e1e5b9b2c09,task5_output_final_answer,fdc9fe8a-c877-4492-89a0-6e1e5b9b2c09-task5_output_final_answer,1754140612.665795,1754140612.6680622,1754141036.9909575,1754141036.9957788,0.004821300506591797,1754141059.1210876,424.327716588974,446.4552924633026
2dbd3bd9-1aa9-4ef1-94e1-2ff6dcee7a39,8db6bc02-07b3-4f7b-b1f5-b776410e9e9e,task1_start_receive_task,8db6bc02-07b3-4f7b-b1f5-b776410e9e9e-task1_start_receive_task,1754140562.6037264,1754140562.606207,1754140567.6292593,1754140567.635164,0.005904674530029297,1754140567.7300856,5.02895712852478,5.126359224319458
2dbd3bd9-1aa9-4ef1-94e1-2ff6dcee7a39,8db6bc02-07b3-4f7b-b1f5-b776410e9e9e,task2_read_file,8db6bc02-07b3-4f7b-b1f5-b776410e9e9e-task2_read_file,1754140562.6037264,1754140562.606207,1754140569.2660675,1754140569.2896097,0.023542165756225586,1754140569.36597,6.68340277671814,6.7622435092926025
2dbd3bd9-1aa9-4ef1-94e1-2ff6dcee7a39,8db6bc02-07b3-4f7b-b1f5-b776410e9e9e,task3a_extract_text_content,8db6bc02-07b3-4f7b-b1f5-b776410e9e9e-task3a_extract_text_content,1754140562.6037264,1754140562.606207,1754140570.7475884,1754140570.7522678,0.004679441452026367,1754140570.8195984,8.146060943603516,8.215872049331665
2dbd3bd9-1aa9-4ef1-94e1-2ff6dcee7a39,8db6bc02-07b3-4f7b-b1f5-b776410e9e9e,task3b_llm_process_extract_structure_info,8db6bc02-07b3-4f7b-b1f5-b776410e9e9e-task3b_llm_process_extract_structure_info,1754140562.6037264,1754140562.606207,1754140706.1206038,1754140817.7579174,111.63731360435486,1754140818.212313,255.1517105102539,255.6085865497589
2dbd3bd9-1aa9-4ef1-94e1-2ff6dcee7a39,8db6bc02-07b3-4f7b-b1f5-b776410e9e9e,task3c_load_questions_batch,8db6bc02-07b3-4f7b-b1f5-b776410e9e9e-task3c_load_questions_batch,1754140562.6037264,1754140562.606207,1754140571.3857205,1754140571.3900344,0.004313945770263672,1754140571.4714258,8.783827543258667,8.867699384689331
2dbd3bd9-1aa9-4ef1-94e1-2ff6dcee7a39,8db6bc02-07b3-4f7b-b1f5-b776410e9e9e,task4a_merge_document_analysis,8db6bc02-07b3-4f7b-b1f5-b776410e9e9e-task4a_merge_document_analysis,1754140562.6037264,1754140562.606207,1754140819.5575418,1754140819.5634205,0.0058786869049072266,1754140821.758646,256.957213640213,259.1549196243286
2dbd3bd9-1aa9-4ef1-94e1-2ff6dcee7a39,8db6bc02-07b3-4f7b-b1f5-b776410e9e9e,task4b_prepare_qa_context,8db6bc02-07b3-4f7b-b1f5-b776410e9e9e-task4b_prepare_qa_context,1754140562.6037264,1754140562.606207,1754140823.6644697,1754140823.747333,0.08286333084106445,1754140823.8140182,261.14112615585327,261.2102918624878
2dbd3bd9-1aa9-4ef1-94e1-2ff6dcee7a39,8db6bc02-07b3-4f7b-b1f5-b776410e9e9e,task5a_llm_process_batch_1,8db6bc02-07b3-4f7b-b1f5-b776410e9e9e-task5a_llm_process_batch_1,1754140562.6037264,1754140562.606207,1754140834.4224646,1754141058.6764865,224.25402188301086,1754141059.0295463,496.0702795982361,496.4258198738098
2dbd3bd9-1aa9-4ef1-94e1-2ff6dcee7a39,8db6bc02-07b3-4f7b-b1f5-b776410e9e9e,task5b_llm_process_batch_2,8db6bc02-07b3-4f7b-b1f5-b776410e9e9e-task5b_llm_process_batch_2,1754140562.6037264,1754140562.606207,1754140837.0792093,1754140936.2102742,99.13106489181519,1754140936.6361136,373.60406732559204,374.0323872566223
2dbd3bd9-1aa9-4ef1-94e1-2ff6dcee7a39,8db6bc02-07b3-4f7b-b1f5-b776410e9e9e,task5c_llm_process_batch_3,8db6bc02-07b3-4f7b-b1f5-b776410e9e9e-task5c_llm_process_batch_3,1754140562.6037264,1754140562.606207,1754140844.678899,1754141090.6057608,245.9268617630005,1754141091.2216468,527.9995539188385,528.6179203987122
2dbd3bd9-1aa9-4ef1-94e1-2ff6dcee7a39,8db6bc02-07b3-4f7b-b1f5-b776410e9e9e,task7_merge_all_answers,8db6bc02-07b3-4f7b-b1f5-b776410e9e9e-task7_merge_all_answers,1754140562.6037264,1754140562.606207,1754141093.1406293,1754141093.146976,0.006346702575683594,1754141093.361998,530.5407691001892,530.7582716941833
2dbd3bd9-1aa9-4ef1-94e1-2ff6dcee7a39,8db6bc02-07b3-4f7b-b1f5-b776410e9e9e,task8_output_final_answer,8db6bc02-07b3-4f7b-b1f5-b776410e9e9e-task8_output_final_answer,1754140562.6037264,1754140562.606207,1754141094.6947877,1754141094.6994143,0.00462651252746582,1754141095.5279582,532.093207359314,532.9242317676544
e39a422f-f24c-4cde-97f8-790b69507962,0f49844f-9266-4a54-9afe-28b60b92098f,task1_start_receive_task,0f49844f-9266-4a54-9afe-28b60b92098f-task1_start_receive_task,1754140660.2277389,1754140660.230325,1754140662.0956073,1754140662.104368,0.008760690689086914,1754140692.8843386,1.8740429878234863,32.65659976005554
e39a422f-f24c-4cde-97f8-790b69507962,0f49844f-9266-4a54-9afe-28b60b92098f,task2_read_file,0f49844f-9266-4a54-9afe-28b60b92098f-task2_read_file,1754140660.2277389,1754140660.230325,1754140694.1788898,1754140694.1878903,0.009000539779663086,1754140694.2391274,33.95756530761719,34.011388540267944
e39a422f-f24c-4cde-97f8-790b69507962,0f49844f-9266-4a54-9afe-28b60b92098f,task3_file_process,0f49844f-9266-4a54-9afe-28b60b92098f-task3_file_process,1754140660.2277389,1754140660.230325,1754140696.79304,1754140697.0123062,0.21926617622375488,1754140697.0986538,36.781981229782104,36.870914936065674
e39a422f-f24c-4cde-97f8-790b69507962,0f49844f-9266-4a54-9afe-28b60b92098f,task4a_vlm_process,0f49844f-9266-4a54-9afe-28b60b92098f-task4a_vlm_process,1754140660.2277389,1754140660.230325,1754140940.5865176,1754141074.7523127,134.16579508781433,1754141075.1104357,414.5219876766205,414.88269686698914
e39a422f-f24c-4cde-97f8-790b69507962,0f49844f-9266-4a54-9afe-28b60b92098f,task4b_vlm_process,0f49844f-9266-4a54-9afe-28b60b92098f-task4b_vlm_process,1754140660.2277389,1754140660.230325,1754141007.2868662,1754141138.6336305,131.34676432609558,1754141138.9819036,478.4033055305481,478.75416469573975
e39a422f-f24c-4cde-97f8-790b69507962,0f49844f-9266-4a54-9afe-28b60b92098f,task4c_vlm_process,0f49844f-9266-4a54-9afe-28b60b92098f-task4c_vlm_process,1754140660.2277389,1754140660.230325,1754140947.9218318,1754141082.7813478,134.85951590538025,1754141083.133423,422.55102276802063,422.9056842327118
e39a422f-f24c-4cde-97f8-790b69507962,0f49844f-9266-4a54-9afe-28b60b92098f,task4d_vlm_process,0f49844f-9266-4a54-9afe-28b60b92098f-task4d_vlm_process,1754140660.2277389,1754140660.230325,1754140886.0016003,1754141034.769957,148.76835680007935,1754141034.970144,374.5396320819855,374.7424051761627
e39a422f-f24c-4cde-97f8-790b69507962,0f49844f-9266-4a54-9afe-28b60b92098f,task4_merge_results,0f49844f-9266-4a54-9afe-28b60b92098f-task4_merge_results,1754140660.2277389,1754140660.230325,1754141140.8203495,1754141140.8284245,0.00807499885559082,1754141147.1449153,480.59809947013855,486.91717648506165
e39a422f-f24c-4cde-97f8-790b69507962,0f49844f-9266-4a54-9afe-28b60b92098f,task5_output_final_answer,0f49844f-9266-4a54-9afe-28b60b92098f-task5_output_final_answer,1754140660.2277389,1754140660.230325,1754141148.405295,1754141148.4098215,0.004526615142822266,1754141160.3620074,488.17949652671814,500.1342685222626
c9c0628c-b330-40e2-8a5c-cdf4e77649e3,611792ee-24de-44b9-9d16-4310dde3bf2d,task1_start_receive_task,611792ee-24de-44b9-9d16-4310dde3bf2d-task1_start_receive_task,1754140662.7483997,1754140662.750314,1754140694.7334177,1754140694.7433279,0.009910106658935547,1754140694.7909102,31.993013858795166,32.04251050949097
c9c0628c-b330-40e2-8a5c-cdf4e77649e3,611792ee-24de-44b9-9d16-4310dde3bf2d,task2_read_file,611792ee-24de-44b9-9d16-4310dde3bf2d-task2_read_file,1754140662.7483997,1754140662.750314,1754140696.1084177,1754140696.1182961,0.009878396987915039,1754140696.1452086,33.367982149124146,33.39680886268616
c9c0628c-b330-40e2-8a5c-cdf4e77649e3,611792ee-24de-44b9-9d16-4310dde3bf2d,task3_file_process,611792ee-24de-44b9-9d16-4310dde3bf2d-task3_file_process,1754140662.7483997,1754140662.750314,1754140698.7071273,1754140698.9332564,0.22612905502319336,1754140699.056028,36.182942390441895,36.30762815475464
c9c0628c-b330-40e2-8a5c-cdf4e77649e3,611792ee-24de-44b9-9d16-4310dde3bf2d,task4a_vlm_process,611792ee-24de-44b9-9d16-4310dde3bf2d-task4a_vlm_process,1754140662.7483997,1754140662.750314,1754141062.9621232,1754141212.3882673,149.4261441230774,1754141212.7149599,549.6379532814026,549.966560125351
c9c0628c-b330-40e2-8a5c-cdf4e77649e3,611792ee-24de-44b9-9d16-4310dde3bf2d,task4b_vlm_process,611792ee-24de-44b9-9d16-4310dde3bf2d-task4b_vlm_process,1754140662.7483997,1754140662.750314,1754141038.5425377,1754141176.243232,137.70069432258606,1754141176.5844858,513.4929180145264,513.8360860347748
c9c0628c-b330-40e2-8a5c-cdf4e77649e3,611792ee-24de-44b9-9d16-4310dde3bf2d,task4c_vlm_process,611792ee-24de-44b9-9d16-4310dde3bf2d-task4c_vlm_process,1754140662.7483997,1754140662.750314,1754141009.7661335,1754141160.0115943,150.24546074867249,1754141160.3510942,497.26128029823303,497.6026945114136
c9c0628c-b330-40e2-8a5c-cdf4e77649e3,611792ee-24de-44b9-9d16-4310dde3bf2d,task4d_vlm_process,611792ee-24de-44b9-9d16-4310dde3bf2d-task4d_vlm_process,1754140662.7483997,1754140662.750314,1754141032.7667038,1754141194.0646436,161.29793977737427,1754141194.40405,531.314329624176,531.6556503772736
c9c0628c-b330-40e2-8a5c-cdf4e77649e3,611792ee-24de-44b9-9d16-4310dde3bf2d,task4_merge_results,611792ee-24de-44b9-9d16-4310dde3bf2d-task4_merge_results,1754140662.7483997,1754140662.750314,1754141214.3615508,1754141214.3701422,0.008591413497924805,1754141214.8429017,551.6198282241821,552.0945019721985
c9c0628c-b330-40e2-8a5c-cdf4e77649e3,611792ee-24de-44b9-9d16-4310dde3bf2d,task5_output_final_answer,611792ee-24de-44b9-9d16-4310dde3bf2d-task5_output_final_answer,1754140662.7483997,1754140662.750314,1754141216.1168668,1754141216.122382,0.005515098571777344,1754141221.279516,553.3720679283142,558.5311162471771
48ecd30a-b09b-44d6-839f-631296644617,8cb0bc55-45e1-43bd-94e1-81670461f456,task0_init,8cb0bc55-45e1-43bd-94e1-81670461f456-task0_init,1754140725.7839992,1754140725.7864625,1754140731.3258958,1754140731.4181159,0.09222006797790527,1754140731.446632,5.631653308868408,5.662632703781128
48ecd30a-b09b-44d6-839f-631296644617,8cb0bc55-45e1-43bd-94e1-81670461f456,task1_llm_process,8cb0bc55-45e1-43bd-94e1-81670461f456-task1_llm_process,1754140725.7839992,1754140725.7864625,1754141084.2788477,1754141214.2336845,129.95483684539795,1754141214.8321567,488.4472219944,489.048157453537
48ecd30a-b09b-44d6-839f-631296644617,8cb0bc55-45e1-43bd-94e1-81670461f456,task2a_find_user,8cb0bc55-45e1-43bd-94e1-81670461f456-task2a_find_user,1754140725.7839992,1754140725.7864625,1754141217.0302718,1754141217.0316284,0.0013566017150878906,1754141221.2900686,491.24516582489014,495.5060694217682
48ecd30a-b09b-44d6-839f-631296644617,8cb0bc55-45e1-43bd-94e1-81670461f456,task2b_get_order_details,8cb0bc55-45e1-43bd-94e1-81670461f456-task2b_get_order_details,1754140725.7839992,1754140725.7864625,1754141222.8952136,1754141222.9898462,0.09463262557983398,1754141223.0338306,497.2033836841583,497.2498314380646
48ecd30a-b09b-44d6-839f-631296644617,8cb0bc55-45e1-43bd-94e1-81670461f456,task3_execute_operations,8cb0bc55-45e1-43bd-94e1-81670461f456-task3_execute_operations,1754140725.7839992,1754140725.7864625,1754141225.2138348,1754141225.3135362,0.0997014045715332,1754141225.3895361,499.5270736217499,499.6055369377136
48ecd30a-b09b-44d6-839f-631296644617,8cb0bc55-45e1-43bd-94e1-81670461f456,task4_output_result,8cb0bc55-45e1-43bd-94e1-81670461f456-task4_output_result,1754140725.7839992,1754140725.7864625,1754141226.6804023,1754141226.6815715,0.0011692047119140625,1754141226.7434008,500.89510893821716,500.9594016075134
